Code_Site,Code_poisson
T_S4,1
T_S8,1
T_S12,1
T_S15,1
T_S15,1
T_S15,1
T_S15,1
T_S15,1
T_S15,1
T_S15,1
T_S15,1
T_S17,1
T_S19,1
T_S8,2
T_S8,2
T_S8,2
T_S8,2
T_S8,2
T_S8,2
T_S8,2
T_S8,2
T_S8,2
T_S8,2
T_S8,2
T_S8,2
T_S15,2
T_S15,2
T_S15,2
T_S15,2
T_S15,2
T_S15,2
T_S15,2
T_S15,2
T_S17,2
T_S17,2
T_S17,2
T_S18,2
T_S18,2
T_S12,3
T_S13,3
T_S19,3
T_S2,4
T_S2,4
T_S2,4
T_S7,4
T_S14,4
T_S14,4
T_S15,4
T_S15,4
T_S18,4
T_S18,4
T_S8,5
T_S2,6
T_S7,6
T_S7,6
T_S8,6
T_S15,6
T_S15,6
T_S15,6
T_S17,6
T_S18,6
T_S18,6
T_S18,6
T_S18,6
T_S18,6
T_S1,7
T_S9,7
T_S12,7
T_S13,7
T_S19,7
T_S4,8
T_S9,8
T_S12,8
T_S13,8
T_S3,9
T_S1,10
T_S9,10
T_S6,11
T_S6,11
T_S6,11
T_S6,11
T_S6,11
T_S10,11
T_S10,11
T_S7,12
T_S8,12
T_S8,12
T_S8,12
T_S8,12
T_S8,12
T_S15,12
T_S15,12
T_S15,12
T_S15,12
T_S15,12
T_S15,12
T_S15,12
T_S15,12
T_S15,12
T_S15,12
T_S15,12
T_S17,12
T_S17,12
T_S17,12
T_S17,12
T_S17,12
T_S18,12
T_S18,12
T_S18,12
T_S18,12
T_S18,12
T_S18,12
T_S18,12
T_S18,12
T_S18,12
T_S18,12
T_S18,12
T_S4,13
T_S19,13
T_S7,14
T_S7,14
T_S7,14
T_S7,14
T_S17,14
T_S17,14
T_S18,14
T_S16,15
T_S2,16
T_S2,16
T_S6,16
T_S6,16
T_S6,16
T_S11,16
T_S11,16
T_S14,16
T_S14,16
T_S16,16
T_S16,16
T_S3,17
T_S3,17
T_S11,17
T_S7,18
T_S8,18
T_S15,18
T_S15,18
T_S17,18
T_S18,18
T_S1,19
T_S9,19
T_S12,19
T_S3,20
T_S3,20
T_S7,20
T_S15,20
T_S17,20
T_S17,20
T_S17,20
T_S17,20
T_S17,20
T_S17,20
T_S17,20
T_S17,20
T_S17,20
T_S17,20
T_S17,20
T_S17,20
T_S17,20
T_S17,20
T_S17,20
T_S17,20
T_S17,20
T_S17,20
T_S17,20
T_S17,20
T_S17,20
T_S17,20
T_S17,20
T_S18,20
T_S18,20
T_S17,21
T_S3,22
T_S8,23
T_S15,23
T_S15,23
T_S15,23
T_S15,23
T_S15,23
T_S15,23
T_S15,23
T_S15,23
T_S15,23
T_S15,23
T_S15,23
T_S15,23
T_S15,23
T_S15,23
T_S15,23
T_S17,23
T_S17,23
T_S4,24
T_S9,24
T_S12,24
T_S13,24
T_S19,24
T_S16,25
T_S14,26
T_S14,26
T_S16,26
T_S14,27
T_S3,28
T_S3,29
T_S1,30
T_S4,30
T_S9,30
T_S12,30
T_S19,30
T_S1,31
T_S9,31
T_S12,31
T_S19,31
T_S1,32
T_S4,32
T_S9,32
T_S12,32
T_S19,32
T_S2,33
T_S2,33
T_S6,33
T_S6,33
T_S6,33
T_S10,33
T_S10,33
T_S10,33
T_S11,33
T_S3,34
T_S4,34
T_S6,34
T_S4,35
T_S2,36
T_S3,36
T_S3,36
T_S5,36
T_S5,36
T_S6,36
T_S6,36
T_S10,36
T_S10,36
T_S10,36
T_S10,36
T_S11,36
T_S11,36
T_S11,36
T_S14,36
T_S14,36
T_S14,36
T_S14,36
T_S3,37
T_S15,37
T_S15,37
T_S15,37
T_S15,37
T_S17,37
T_S17,37
T_S17,37
T_S17,37
T_S4,38
T_S8,38
T_S12,38
T_S13,38
T_S15,38
T_S15,38
T_S18,38
T_S18,38
T_S7,39
T_S8,39
T_S8,39
T_S8,39
T_S8,39
T_S8,39
T_S8,39
T_S8,39
T_S8,39
T_S8,39
T_S8,39
T_S15,39
T_S15,39
T_S15,39
T_S15,39
T_S15,39
T_S15,39
T_S15,39
T_S15,39
T_S15,39
T_S15,39
T_S15,39
T_S15,39
T_S15,39
T_S15,39
T_S15,39
T_S15,39
T_S15,39
T_S15,39
T_S15,39
T_S17,39
T_S17,39
T_S17,39
T_S17,39
T_S17,39
T_S17,39
T_S17,39
T_S17,39
T_S17,39
T_S17,39
T_S17,39
T_S17,39
T_S17,39
T_S17,39
T_S17,39
T_S17,39
T_S17,39
T_S17,39
T_S17,39
T_S17,39
T_S17,39
T_S17,40
T_S7,41
T_S8,41
T_S15,41
T_S15,41
T_S18,41
T_S7,42
T_S7,42
T_S8,42
T_S17,42
T_S18,43
T_S2,44
T_S2,44
T_S2,44
T_S2,44
T_S2,44
T_S7,44
T_S7,44
T_S7,44
T_S7,44
T_S7,44
T_S7,44
T_S7,44
T_S7,44
T_S7,44
T_S7,44
T_S7,44
T_S7,44
T_S8,44
T_S8,44
T_S8,44
T_S8,44
T_S10,44
T_S10,44
T_S15,44
T_S15,44
T_S15,44
T_S15,44
T_S17,44
T_S18,44
T_S18,44
T_S18,44
T_S18,44
T_S18,44
T_S18,44
T_S18,44
T_S18,44
T_S18,44
T_S18,44
T_S18,44
T_S18,44
T_S18,44
T_S18,44
T_S3,45
T_S3,46
T_S3,46
T_S3,46
T_S3,46
T_S3,46
T_S3,46
T_S4,46
T_S5,46
T_S6,46
T_S6,46
T_S6,46
T_S6,46
T_S6,46
T_S6,46
T_S9,46
T_S10,46
T_S10,46
T_S10,46
T_S10,46
T_S11,46
T_S14,46
T_S16,46
T_S16,46
T_S16,46
T_S16,46
T_S16,46
T_S16,46
T_S19,46
T_S4,47
T_S9,47
T_S13,47
T_S19,47
T_S5,48
T_S6,48
T_S6,48
T_S13,48
T_S2,49
T_S4,49
T_S7,49
T_S9,49
T_S12,49
T_S13,49
T_S19,49
T_S4,50
T_S9,50
T_S4,51
T_S9,51
T_S12,51
T_S13,51
T_S19,51
T_S13,52
T_S19,52
T_S7,53
T_S8,53
T_S15,53
T_S15,53
T_S15,53
T_S15,53
T_S15,53
T_S15,53
T_S15,53
T_S15,53
T_S15,53
T_S15,53
T_S15,53
T_S17,53
T_S17,53
T_S17,53
T_S17,53
T_S17,53
T_S17,53
T_S17,53
T_S17,53
T_S17,53
T_S17,53
T_S17,53
T_S17,53
T_S7,54
T_S8,54
T_S8,54
T_S8,54
T_S15,54
T_S15,54
T_S15,54
T_S15,54
T_S15,54
T_S15,54
T_S15,54
T_S15,54
T_S15,54
T_S15,54
T_S17,54
T_S17,54
T_S17,54
T_S17,54
T_S18,54
T_S18,54
T_S3,55
T_S3,55
T_S4,55
T_S9,55
T_S11,55
T_S11,55
T_S12,55
T_S13,55
T_S19,55
T_S7,56
T_S8,56
T_S12,56
T_S13,56
T_S15,56
T_S17,56
T_S18,56
T_S18,56
T_S1,57
T_S9,57
T_S12,57
T_S13,57
T_S1,58
T_S4,58
T_S9,58
T_S12,58
T_S19,58
T_S7,59
T_S7,59
T_S8,59
T_S8,59
T_S8,59
T_S8,59
T_S8,59
T_S8,59
T_S8,59
T_S18,59
T_S18,59
T_S18,59
T_S18,59
T_S18,59
T_S18,59
T_S18,59
T_S18,59
T_S18,59
T_S2,60
T_S3,60
T_S3,60
T_S5,60
T_S5,60
T_S5,60
T_S10,60
T_S10,60
T_S10,60
T_S10,60
T_S10,60
T_S10,60
T_S10,60
T_S10,60
T_S10,60
T_S10,60
T_S10,60
T_S11,60
T_S11,60
T_S11,60
T_S14,60
T_S14,60
T_S14,60
T_S14,60
T_S14,60
T_S14,60
T_S14,60
T_S14,60
T_S14,60
T_S14,60
T_S14,60
T_S16,60
T_S16,60
T_S16,60
T_S16,60
T_S16,60
T_S16,60
T_S2,61
T_S7,61
T_S7,61
T_S7,61
T_S7,61
T_S18,61
T_S18,61
T_S18,61
T_S18,61
T_S18,61
T_S2,62
T_S2,62
T_S2,62
T_S2,62
T_S2,62
T_S2,62
T_S2,62
T_S14,62
T_S2,63
T_S2,64
T_S2,64
T_S2,64
T_S2,64
T_S5,64
T_S5,64
T_S5,64
T_S10,64
T_S10,64
T_S10,64
T_S10,64
T_S10,64
T_S10,64
T_S10,64
T_S10,64
T_S10,64
T_S10,64
T_S10,64
T_S10,64
T_S11,64
T_S11,64
T_S14,64
T_S14,64
T_S14,64
T_S14,64
T_S14,64
T_S14,64
T_S14,64
T_S16,64
T_S16,64
T_S16,64
T_S16,64
T_S16,64
T_S16,64
T_S16,64
T_S16,64
T_S16,64
T_S2,65
T_S2,65
T_S2,65
T_S5,65
T_S5,65
T_S5,65
T_S5,65
T_S6,65
T_S11,65
T_S11,65
T_S11,65
T_S11,65
T_S11,65
T_S14,65
T_S14,65
T_S14,65
T_S14,65
T_S16,65
T_S16,65
T_S16,66
T_S3,67
T_S3,67
T_S3,67
T_S3,67
T_S15,67
T_S17,67
T_S15,68
T_S15,68
T_S15,68
T_S15,68
T_S15,68
T_S15,68
T_S15,68
T_S17,68
T_S17,68
T_S17,68
T_S17,68
T_S17,68
T_S17,68
T_S17,68
T_S17,68
T_S17,68
T_S17,68
T_S17,68
T_S17,68
T_S17,68
T_S4,69
T_S18,70
T_S2,71
T_S2,71
T_S2,71
T_S14,71
T_S16,71
T_S16,71
T_S13,72
T_S7,73
T_S7,74
T_S7,74
T_S7,74
T_S7,74
T_S7,74
T_S7,74
T_S7,74
T_S7,74
T_S8,74
T_S8,74
T_S8,74
T_S8,74
T_S8,74
T_S8,74
T_S8,74
T_S13,74
T_S15,74
T_S15,74
T_S15,74
T_S15,74
T_S15,74
T_S15,74
T_S15,74
T_S15,74
T_S15,74
T_S15,74
T_S15,74
T_S17,74
T_S18,74
T_S18,74
T_S18,74
T_S18,74
T_S18,74
T_S18,74
T_S18,74
T_S18,74
T_S18,74
T_S18,74
T_S18,74
T_S18,74
T_S18,74
T_S18,74
T_S18,74
T_S18,74
T_S18,74
T_S18,74
T_S18,74
T_S19,74
T_S7,75
T_S7,75
T_S8,75
T_S18,75
T_S18,75
T_S18,75
T_S18,75
T_S16,76
T_S7,77
T_S7,77
T_S7,77
T_S7,77
T_S7,77
T_S7,77
T_S7,77
T_S8,77
T_S8,77
T_S8,77
T_S8,77
T_S8,77
T_S8,77
T_S8,77
T_S8,77
T_S8,77
T_S18,77
T_S2,78
T_S14,78
T_S12,79
T_S1,80
T_S4,80
T_S8,80
T_S9,80
T_S12,80
T_S13,80
T_S18,80
T_S19,80
T_S4,81
T_S8,81
T_S8,81
T_S8,81
T_S9,81
T_S12,81
T_S13,81
T_S15,81
T_S15,81
T_S15,81
T_S15,81
T_S15,81
T_S15,81
T_S15,81
T_S17,81
T_S17,81
T_S17,81
T_S17,81
T_S17,81
T_S17,81
T_S17,81
T_S17,81
T_S17,81
T_S17,81
T_S17,81
T_S17,81
T_S18,81
T_S18,81
T_S18,81
T_S19,81
T_S7,82
T_S7,82
T_S7,82
T_S7,82
T_S7,82
T_S7,82
T_S7,82
T_S15,82
T_S15,82
T_S15,82
T_S15,82
T_S18,82
T_S18,82
T_S18,82
T_S18,82
T_S18,82
T_S18,82
T_S18,82
T_S18,82
T_S18,82
T_S7,83
T_S7,83
T_S18,83
T_S18,83
T_S18,83
T_S10,84
T_S13,85
T_S3,86
T_S3,86
T_S6,86
T_S8,86
T_S8,86
T_S8,86
T_S8,86
T_S8,86
T_S8,86
T_S8,86
T_S8,86
T_S8,86
T_S8,86
T_S8,86
T_S8,86
T_S8,86
T_S15,86
T_S15,86
T_S15,86
T_S15,86
T_S15,86
T_S15,86
T_S15,86
T_S15,86
T_S15,86
T_S15,86
T_S17,86
T_S17,86
T_S18,86
T_S18,86
T_S18,86
T_S18,86
T_S18,86
T_S18,86
T_S18,86
T_S18,86
T_S18,86
T_S18,86
T_S18,86
T_S18,86
T_S18,86
T_S18,86
T_S18,86
T_S18,86
T_S18,86
T_S18,86
T_S18,86
T_S18,86
T_S18,86
T_S18,86
T_S18,86
T_S18,86
T_S18,86
T_S18,86
T_S18,86
T_S18,86
T_S18,86
T_S18,86
T_S18,86
T_S18,86
T_S18,86
T_S18,86
T_S18,86
T_S18,86
T_S18,86
T_S18,86
T_S18,86
T_S18,86
T_S18,86
T_S18,86
T_S1,87
T_S9,87
T_S12,87
T_S13,87
T_S8,88
T_S8,88
T_S8,88
T_S8,88
T_S10,88
T_S11,88
T_S11,88
T_S11,88
T_S11,88
T_S11,88
T_S14,88
T_S15,88
T_S16,88
T_S16,88
T_S17,88
T_S17,88
T_S18,88
T_S18,88
T_S18,88
T_S18,88
T_S18,88
T_S18,88
T_S18,88
T_S18,88
T_S18,88
T_S18,88
T_S18,88
T_S18,88
T_S18,88
T_S18,88
T_S18,88
T_S18,88
T_S18,88
T_S18,88
T_S18,88
T_S18,88
T_S18,88
T_S18,88
T_S18,88
T_S18,88
T_S18,88
T_S18,88
T_S18,88
T_S12,89
T_S19,89
T_S1,90
T_S3,91
T_S10,91
T_S10,91
T_S10,91
T_S10,91
T_S11,91
T_S11,91
T_S16,91
T_S10,92
T_S1,93
T_S2,93
T_S11,93
T_S12,93
T_S14,93
T_S16,93
T_S16,93
T_S19,93
T_S1,94
T_S9,94
T_S12,94
T_S13,94
T_S16,94
T_S19,94
T_S8,95
T_S8,95
T_S15,95
T_S15,95
T_S17,95
T_S18,95
T_S1,96
T_S11,97
T_S8,98
T_S8,98
T_S8,98
T_S8,98
T_S8,98
T_S8,98
T_S8,98
T_S8,98
T_S8,98
T_S8,98
T_S8,98
T_S8,98
T_S8,98
T_S13,98
T_S15,98
T_S15,98
T_S15,98
T_S15,98
T_S15,98
T_S15,98
T_S15,98
T_S15,98
T_S15,98
T_S15,98
T_S15,98
T_S15,98
T_S15,98
T_S17,98
T_S17,98
T_S17,98
T_S17,98
T_S17,98
T_S17,98
T_S17,98
T_S17,98
T_S17,98
T_S17,98
T_S17,98
T_S17,98
T_S17,98
T_S17,98
T_S17,98
T_S17,98
T_S17,98
T_S17,98
T_S17,98
T_S17,98
T_S17,98
T_S17,98
T_S17,98
T_S17,98
T_S17,98
T_S17,98
T_S18,98
T_S18,98
T_S18,98
T_S18,98
T_S18,98
T_S18,98
T_S18,98
T_S18,98
T_S18,98
T_S19,98
T_S2,99
T_S11,99
T_S9,100
T_S19,100
T_S7,101
T_S7,101
T_S7,101
T_S8,101
T_S8,101
T_S8,101
T_S8,101
T_S8,101
T_S8,101
T_S8,101
T_S8,101
T_S8,101
T_S15,101
T_S15,101
T_S18,101
T_S18,101
T_S18,101
T_S18,101
T_S18,101
T_S18,101
T_S18,101
T_S18,101
T_S18,101
T_S18,101
T_S18,101
T_S18,101
T_S18,101
T_S18,101
T_S18,101
T_S18,101
T_S18,101
T_S18,101
T_S18,101
T_S18,101
T_S2,102
T_S16,102
T_S1,103
T_S2,103
T_S2,103
T_S4,103
T_S8,103
T_S9,103
T_S11,103
T_S11,103
T_S12,103
T_S13,103
T_S14,103
T_S19,103
T_S1,104
T_S4,104
T_S9,104
T_S12,104
T_S13,104
T_S19,104
T_S14,105
T_S9,106
T_S12,106
T_S13,106
T_S18,106
T_S18,106
T_S19,106
T_S8,107
T_S8,107
T_S8,107
T_S8,107
T_S8,107
T_S8,107
T_S8,107
T_S8,107
T_S15,107
T_S15,107
T_S15,107
T_S15,107
T_S15,107
T_S15,107
T_S15,107
T_S15,107
T_S15,107
T_S17,107
T_S17,107
T_S17,107
T_S17,107
T_S17,107
T_S17,107
T_S18,107
T_S18,107
T_S18,107
T_S18,107
T_S18,107
T_S18,107
T_S18,107
T_S18,107
T_S18,107
T_S18,107
T_S18,107
T_S18,107
T_S18,107
T_S18,107
T_S18,107
T_S18,107
T_S18,107
T_S18,107
T_S18,107
T_S18,107
T_S2,108
T_S3,108
T_S18,108
T_S18,108
T_S7,109
T_S8,109
T_S8,109
T_S8,109
T_S8,109
T_S8,109
T_S8,109
T_S8,109
T_S8,109
T_S8,109
T_S8,109
T_S8,109
T_S8,109
T_S8,109
T_S8,109
T_S8,109
T_S8,109
T_S8,109
T_S8,109
T_S8,109
T_S8,109
T_S8,109
T_S8,109
T_S15,109
T_S15,109
T_S15,109
T_S15,109
T_S15,109
T_S15,109
T_S15,109
T_S15,109
T_S15,109
T_S15,109
T_S15,109
T_S15,109
T_S15,109
T_S15,109
T_S15,109
T_S15,109
T_S15,109
T_S15,109
T_S15,109
T_S15,109
T_S15,109
T_S15,109
T_S15,109
T_S15,109
T_S15,109
T_S15,109
T_S15,109
T_S17,109
T_S17,109
T_S17,109
T_S17,109
T_S17,109
T_S17,109
T_S17,109
T_S17,109
T_S17,109
T_S17,109
T_S17,109
T_S17,109
T_S17,109
T_S17,109
T_S18,109
T_S18,109
T_S18,109
T_S18,109
T_S18,109
T_S18,109
T_S18,109
T_S18,109
T_S18,109
T_S18,109
T_S18,109
T_S18,109
T_S18,109
T_S18,109
T_S18,109
T_S18,109
T_S18,109
T_S18,109
T_S18,109
T_S18,109
T_S18,109
T_S18,109
T_S18,109
T_S18,109
T_S18,109
T_S18,109
T_S18,109
T_S18,109
T_S18,109
T_S18,109
T_S18,109
T_S18,109
T_S18,109
T_S18,109
T_S18,109
T_S18,109
T_S18,109
T_S18,109
T_S18,109
T_S18,109
T_S18,109
T_S18,109
T_S18,109
T_S18,109
T_S18,109
T_S18,109
T_S18,109
T_S18,109
T_S18,109
T_S18,109
T_S18,109
T_S18,109
T_S18,109
T_S18,109
T_S18,109
T_S18,109
T_S18,109
T_S18,109
T_S18,109
T_S18,109
T_S18,109
T_S18,109
T_S18,109
T_S18,109
T_S18,109
T_S18,109
T_S18,109
T_S18,109
T_S18,109
T_S18,109
T_S18,109
T_S18,109
T_S18,109
T_S2,110
T_S2,110
T_S2,110
T_S6,110
T_S6,110
T_S6,110
T_S6,110
T_S6,110
T_S6,110
T_S6,110
T_S6,110
T_S11,110
T_S11,110
T_S11,110
T_S11,110
T_S11,110
T_S11,110
T_S3,111
T_S6,111
T_S12,112
T_S13,112
T_S18,113
T_S18,113
T_S3,114
T_S17,115
T_S1,116
T_S2,116
T_S6,116
T_S9,116
T_S13,116
T_S19,116
T_S8,117
T_S8,117
T_S8,117
T_S8,117
T_S8,117
T_S8,117
T_S8,117
T_S8,117
T_S8,117
T_S8,117
T_S8,117
T_S8,117
T_S8,117
T_S8,117
T_S15,117
T_S15,117
T_S17,117
T_S17,117
T_S17,117
T_S17,117
T_S17,117
T_S17,117
T_S17,117
T_S17,117
T_S17,117
T_S17,117
T_S17,117
T_S18,117
T_S18,117
T_S18,117
T_S18,117
T_S7,118
T_S8,118
T_S8,118
T_S8,118
T_S8,118
T_S8,118
T_S8,118
T_S8,118
T_S8,118
T_S8,118
T_S8,118
T_S8,118
T_S8,118
T_S8,118
T_S8,118
T_S8,118
T_S8,118
T_S8,118
T_S8,118
T_S8,118
T_S8,118
T_S8,118
T_S8,118
T_S8,118
T_S8,118
T_S8,118
T_S8,118
T_S8,118
T_S8,118
T_S8,118
T_S8,118
T_S8,118
T_S8,118
T_S8,118
T_S8,118
T_S8,118
T_S8,118
T_S8,118
T_S8,118
T_S8,118
T_S8,118
T_S8,118
T_S8,118
T_S8,118
T_S8,118
T_S8,118
T_S8,118
T_S8,118
T_S8,118
T_S8,118
T_S8,118
T_S8,118
T_S8,118
T_S8,118
T_S8,118
T_S8,118
T_S8,118
T_S8,118
T_S8,118
T_S8,118
T_S8,118
T_S8,118
T_S8,118
T_S8,118
T_S8,118
T_S8,118
T_S8,118
T_S8,118
T_S8,118
T_S8,118
T_S8,118
T_S8,118
T_S8,118
T_S8,118
T_S8,118
T_S8,118
T_S8,118
T_S8,118
T_S8,118
T_S8,118
T_S8,118
T_S8,118
T_S8,118
T_S8,118
T_S8,118
T_S15,118
T_S15,118
T_S15,118
T_S15,118
T_S15,118
T_S15,118
T_S15,118
T_S15,118
T_S15,118
T_S15,118
T_S15,118
T_S15,118
T_S15,118
T_S15,118
T_S15,118
T_S15,118
T_S15,118
T_S15,118
T_S15,118
T_S15,118
T_S15,118
T_S15,118
T_S15,118
T_S15,118
T_S15,118
T_S15,118
T_S15,118
T_S15,118
T_S15,118
T_S15,118
T_S15,118
T_S15,118
T_S15,118
T_S15,118
T_S15,118
T_S15,118
T_S15,118
T_S15,118
T_S15,118
T_S15,118
T_S15,118
T_S15,118
T_S15,118
T_S15,118
T_S15,118
T_S15,118
T_S15,118
T_S15,118
T_S15,118
T_S15,118
T_S15,118
T_S15,118
T_S15,118
T_S15,118
T_S15,118
T_S15,118
T_S15,118
T_S15,118
T_S15,118
T_S15,118
T_S15,118
T_S15,118
T_S15,118
T_S15,118
T_S15,118
T_S15,118
T_S15,118
T_S15,118
T_S15,118
T_S15,118
T_S15,118
T_S15,118
T_S15,118
T_S15,118
T_S15,118
T_S15,118
T_S15,118
T_S15,118
T_S15,118
T_S15,118
T_S15,118
T_S15,118
T_S15,118
T_S15,118
T_S15,118
T_S15,118
T_S15,118
T_S15,118
T_S15,118
T_S15,118
T_S15,118
T_S15,118
T_S15,118
T_S15,118
T_S15,118
T_S15,118
T_S15,118
T_S15,118
T_S15,118
T_S15,118
T_S15,118
T_S15,118
T_S15,118
T_S15,118
T_S15,118
T_S15,118
T_S15,118
T_S15,118
T_S15,118
T_S15,118
T_S15,118
T_S15,118
T_S15,118
T_S17,118
T_S17,118
T_S17,118
T_S17,118
T_S17,118
T_S17,118
T_S17,118
T_S17,118
T_S17,118
T_S17,118
T_S17,118
T_S17,118
T_S17,118
T_S17,118
T_S17,118
T_S17,118
T_S17,118
T_S17,118
T_S17,118
T_S17,118
T_S17,118
T_S17,118
T_S17,118
T_S17,118
T_S17,118
T_S17,118
T_S17,118
T_S17,118
T_S17,118
T_S17,118
T_S17,118
T_S17,118
T_S17,118
T_S17,118
T_S17,118
T_S17,118
T_S17,118
T_S17,118
T_S17,118
T_S17,118
T_S17,118
T_S17,118
T_S17,118
T_S17,118
T_S17,118
T_S17,118
T_S17,118
T_S17,118
T_S17,118
T_S17,118
T_S17,118
T_S17,118
T_S17,118
T_S17,118
T_S17,118
T_S17,118
T_S17,118
T_S17,118
T_S17,118
T_S17,118
T_S17,118
T_S17,118
T_S17,118
T_S17,118
T_S17,118
T_S17,118
T_S17,118
T_S17,118
T_S17,118
T_S17,118
T_S17,118
T_S17,118
T_S17,118
T_S17,118
T_S17,118
T_S17,118
T_S17,118
T_S17,118
T_S17,118
T_S17,118
T_S17,118
T_S17,118
T_S17,118
T_S17,118
T_S17,118
T_S17,118
T_S17,118
T_S17,118
T_S17,118
T_S17,118
T_S17,118
T_S17,118
T_S17,118
T_S17,118
T_S17,118
T_S17,118
T_S17,118
T_S17,118
T_S17,118
T_S17,118
T_S17,118
T_S18,118
T_S18,118
T_S18,118
T_S18,118
T_S18,118
T_S18,118
T_S18,118
T_S18,118
T_S18,118
T_S18,118
T_S18,118
T_S18,118
T_S18,118
T_S18,118
T_S18,118
T_S18,118
T_S18,118
T_S18,118
T_S18,118
T_S18,118
T_S18,118
T_S18,118
T_S18,118
T_S18,118
T_S18,118
T_S18,118
T_S18,118
T_S18,118
T_S18,118
T_S18,118
T_S18,118
T_S18,118
T_S18,118
T_S18,118
T_S18,118
T_S18,118
T_S18,118
T_S18,118
T_S18,118
T_S18,118
T_S18,118
T_S18,118
T_S18,118
T_S18,118
T_S18,118
T_S18,118
T_S18,118
T_S18,118
T_S18,118
T_S8,119
T_S8,119
T_S8,119
T_S8,119
T_S8,119
T_S8,119
T_S15,119
T_S15,119
T_S15,119
T_S17,119
T_S17,119
T_S17,119
T_S17,119
T_S17,119
T_S17,119
T_S18,119
T_S18,119
T_S1,120
T_S4,120
T_S9,120
T_S19,120
T_S8,121
T_S8,121
T_S8,122
T_S11,122
T_S15,122
T_S15,122
T_S15,122
T_S17,122
T_S17,122
T_S17,122
T_S17,122
T_S17,122
T_S17,122
T_S17,122
T_S17,122
T_S17,122
T_S17,122
T_S18,122
T_S18,122
T_S18,122
T_S18,122
T_S15,123
T_S2,124
T_S3,124
T_S3,124
T_S3,124
T_S8,124
T_S8,124
T_S8,124
T_S8,124
T_S8,124
T_S8,124
T_S8,124
T_S8,124
T_S8,124
T_S8,124
T_S8,124
T_S8,124
T_S8,124
T_S8,124
T_S8,124
T_S8,124
T_S8,124
T_S8,124
T_S8,124
T_S8,124
T_S8,124
T_S8,124
T_S13,124
T_S15,124
T_S15,124
T_S15,124
T_S15,124
T_S15,124
T_S15,124
T_S15,124
T_S15,124
T_S15,124
T_S15,124
T_S15,124
T_S15,124
T_S15,124
T_S15,124
T_S15,124
T_S15,124
T_S17,124
T_S17,124
T_S17,124
T_S17,124
T_S17,124
T_S17,124
T_S17,124
T_S17,124
T_S17,124
T_S17,124
T_S17,124
T_S17,124
T_S17,124
T_S18,124
T_S18,124
T_S18,124
T_S18,124
T_S18,124
T_S18,124
T_S18,124
T_S18,124
T_S18,124
T_S18,124
T_S18,124
T_S18,124
T_S18,124
T_S18,124
T_S18,124
T_S18,124
T_S18,124
T_S18,124
T_S18,124
T_S18,124
T_S17,125
T_S17,125
T_S18,125
T_S16,126
T_S15,127
T_S15,127
T_S15,127
T_S17,127
T_S5,128
T_S11,128
T_S17,128
T_S18,128
T_S11,129
T_S7,130
T_S8,130
T_S8,130
T_S8,130
T_S8,130
T_S8,130
T_S15,130
T_S15,130
T_S15,130
T_S15,130
T_S15,130
T_S15,130
T_S17,130
T_S17,130
T_S17,130
T_S17,130
T_S17,130
T_S17,130
T_S17,130
T_S17,130
T_S17,130
T_S17,130
T_S17,130
T_S17,130
T_S18,131
T_S18,131
T_S13,132
T_S19,132
T_S18,133
T_S18,133
T_S16,134
T_S19,134
T_S10,135
T_S14,136
T_S16,136
T_S18,137
T_S18,137
T_S19,138
T_S8,139
T_S8,139
T_S8,139
T_S8,139
T_S8,139
T_S8,139
T_S8,139
T_S8,139
T_S8,139
T_S8,139
T_S8,139
T_S8,139
T_S8,139
T_S8,139
T_S15,139
T_S15,139
T_S15,139
T_S15,139
T_S15,139
T_S15,139
T_S15,139
T_S15,139
T_S15,139
T_S15,139
T_S17,139
T_S17,139
T_S17,139
T_S17,139
T_S17,139
T_S17,139
T_S17,139
T_S17,139
T_S17,139
T_S17,139
T_S17,139
T_S18,139
T_S18,139
T_S18,139
T_S18,139
T_S18,139
T_S18,139
T_S18,139
T_S18,139
T_S18,139
T_S18,139
T_S18,139
T_S18,139
T_S18,139
T_S18,139
T_S18,139
T_S18,139
T_S18,139
T_S18,139
T_S18,139
T_S18,139
T_S18,139
T_S18,139
T_S18,139
T_S18,139
T_S18,139
T_S18,139
T_S1,140
T_S3,140
T_S4,140
T_S7,140
T_S7,140
T_S7,140
T_S7,140
T_S7,140
T_S7,140
T_S7,140
T_S8,140
T_S8,140
T_S8,140
T_S8,140
T_S8,140
T_S8,140
T_S8,140
T_S8,140
T_S8,140
T_S8,140
T_S8,140
T_S8,140
T_S8,140
T_S9,140
T_S12,140
T_S13,140
T_S15,140
T_S15,140
T_S15,140
T_S15,140
T_S15,140
T_S15,140
T_S15,140
T_S15,140
T_S15,140
T_S15,140
T_S15,140
T_S15,140
T_S15,140
T_S15,140
T_S15,140
T_S15,140
T_S15,140
T_S15,140
T_S15,140
T_S17,140
T_S17,140
T_S17,140
T_S17,140
T_S17,140
T_S17,140
T_S17,140
T_S17,140
T_S17,140
T_S17,140
T_S17,140
T_S17,140
T_S17,140
T_S17,140
T_S17,140
T_S18,140
T_S18,140
T_S18,140
T_S18,140
T_S19,140
T_S3,141
T_S3,142
T_S3,142
T_S3,142
T_S4,142
T_S10,142
T_S10,142
T_S10,142
T_S10,142
T_S12,142
T_S14,142
T_S14,142
T_S14,142
T_S16,142
T_S16,142
T_S16,142
T_S16,142
T_S16,142
T_S16,142
T_S19,142
T_S13,143
T_S19,143
T_S2,144
T_S3,144
T_S8,144
T_S8,144
T_S10,144
T_S15,144
T_S15,144
T_S15,144
T_S18,144
T_S18,144
T_S18,144
T_S18,144
T_S18,144
T_S18,144
T_S18,144
T_S2,145
T_S3,145
T_S3,145
T_S3,145
T_S3,145
T_S3,145
T_S3,145
T_S3,145
T_S3,145
T_S11,145
T_S11,145
T_S11,145
T_S10,146
T_S10,146
T_S11,146
T_S14,146
T_S15,147
T_S2,148
T_S5,148
T_S6,148
T_S8,148
T_S9,148
T_S11,148
T_S12,148
T_S13,148
T_S14,148
T_S16,148
T_S19,148
T_S7,149
T_S17,149
T_S18,149
T_S15,150
T_S17,150
T_S4,151
T_S9,151
T_S12,151
T_S13,151
T_S19,151
T_S4,152
T_S9,152
T_S12,152
T_S13,152
T_S19,152
T_S7,153
T_S8,153
T_S8,153
T_S15,153
T_S15,153
T_S15,153
T_S15,153
T_S15,153
T_S17,153
T_S17,153
T_S17,153
T_S17,153
T_S17,153
T_S17,153
T_S18,153
T_S15,154
T_S17,154
T_S17,154
T_S17,154
T_S17,154
T_S17,154
T_S17,154
T_S18,154
T_S8,155
T_S8,155
T_S8,155
T_S8,155
T_S8,155
T_S8,155
T_S8,155
T_S15,155
T_S15,155
T_S15,155
T_S15,155
T_S15,155
T_S15,155
T_S15,155
T_S15,155
T_S15,155
T_S15,155
T_S15,155
T_S15,155
T_S15,155
T_S15,155
T_S15,155
T_S15,155
T_S17,155
T_S17,155
T_S17,155
T_S18,155
T_S18,155
T_S18,155
T_S18,155
T_S18,155
T_S18,155
T_S18,155
T_S18,155
T_S18,155
T_S18,155
T_S18,155
T_S18,155
T_S18,155
T_S18,155
T_S18,155
T_S18,155
T_S18,155
T_S18,155
T_S18,155
T_S18,155
T_S18,155
T_S18,155
T_S18,155
T_S18,155
T_S18,155
T_S18,155
T_S18,155
T_S18,155
T_S18,155
T_S18,155
T_S18,155
T_S18,155
T_S18,155
T_S18,155
T_S18,155
T_S18,155
T_S18,155
T_S18,155
T_S18,155
T_S18,155
T_S18,155
T_S18,155
T_S18,155
T_S18,155
T_S18,155
T_S18,155
T_S18,155
T_S18,155
T_S18,155
T_S4,156
T_S14,156
T_S19,156
T_S6,157
T_S6,157
T_S6,157
T_S6,157
T_S6,157
T_S1,158
T_S4,158
T_S9,158
T_S19,158
T_S10,159
T_S10,159
T_S10,159
T_S14,159
T_S14,159
T_S16,159
T_S3,160
T_S6,160
T_S10,160
T_S8,161
T_S10,161
T_S11,161
T_S11,161
T_S11,161
T_S11,161
T_S14,161
T_S16,161
T_S18,161
T_S1,162
T_S12,162
T_S13,162
T_S19,162
T_S17,163
T_S17,163
T_S17,163
T_S18,163
T_S7,164
T_S7,164
T_S7,164
T_S7,164
T_S8,164
T_S8,164
T_S8,164
T_S8,164
T_S15,164
T_S15,164
T_S15,164
T_S15,164
T_S15,164
T_S15,164
T_S15,164
T_S15,164
T_S15,164
T_S15,164
T_S15,164
T_S15,164
T_S15,164
T_S15,164
T_S15,164
T_S15,164
T_S15,164
T_S15,164
T_S15,164
T_S15,164
T_S15,164
T_S17,164
T_S17,164
T_S17,164
T_S17,164
T_S17,164
T_S17,164
T_S17,164
T_S17,164
T_S17,164
T_S17,164
T_S17,164
T_S17,164
T_S17,164
T_S17,164
T_S18,164
T_S18,164
T_S18,165
T_S18,165
T_S18,165
T_S18,165
T_S1,166
T_S19,166
T_S1,167
T_S7,168
T_S7,168
T_S17,168
T_S1,169
T_S4,169
T_S9,169
T_S12,169
T_S13,169
T_S19,169
T_S19,170
T_S8,171
T_S8,171
T_S8,171
T_S8,171
T_S8,171
T_S8,171
T_S8,171
T_S8,171
T_S8,171
T_S8,171
T_S8,171
T_S8,171
T_S8,171
T_S8,171
T_S8,171
T_S8,171
T_S8,171
T_S8,171
T_S8,171
T_S8,171
T_S15,171
T_S15,171
T_S15,171
T_S15,171
T_S15,171
T_S17,171
T_S17,171
T_S17,171
T_S17,171
T_S18,171
T_S18,171
T_S18,171
T_S18,171
T_S18,171
T_S18,171
T_S18,171
T_S18,171
T_S18,171
T_S18,171
T_S18,171
T_S18,171
T_S18,171
T_S18,171
T_S18,171
T_S18,171
T_S18,171
T_S18,171
T_S18,171
T_S18,171
T_S4,172
T_S8,172
T_S8,172
T_S8,172
T_S9,172
T_S12,172
T_S15,172
T_S15,172
T_S15,172
T_S17,172
T_S17,172
T_S17,172
T_S18,172
T_S18,172
T_S18,172
T_S18,172
T_S18,172
T_S9,173
T_S12,173
T_S8,174
T_S8,174
T_S8,174
T_S8,174
T_S15,174
T_S18,174
T_S18,174
T_S18,174
T_S18,174
T_S18,174
T_S18,174
T_S18,174
T_S7,175
T_S8,175
T_S8,175
T_S8,175
T_S17,175
T_S17,175
T_S18,175
T_S18,175
T_S18,175
T_S18,175
T_S18,175
T_S18,175
T_S18,175
T_S8,176
T_S15,176
T_S15,176
T_S18,176
T_S18,176
T_S18,176
T_S18,176
T_S10,177
T_S10,177
T_S16,177
T_S16,177
T_S16,177
T_S16,177
T_S9,178
T_S19,178
T_S1,179
T_S4,179
T_S9,179
T_S12,179
T_S13,179
T_S19,179
T_S15,180
T_S15,180
T_S17,180
T_S17,180
T_S17,180
T_S17,180
T_S17,180
T_S17,180
T_S17,180
T_S17,180
T_S17,180
T_S17,180
T_S17,180
T_S17,180
T_S17,180
T_S18,180
T_S18,180
T_S18,180
T_S18,180
T_S7,181
T_S11,182
T_S2,183
T_S3,183
T_S6,183
T_S6,183
T_S10,183
T_S3,184
T_S11,184
T_S14,184
T_S16,184
T_S9,185
T_S13,185
T_S11,186
T_S18,187
T_S1,188
T_S4,188
T_S9,188
T_S12,188
T_S13,188
T_S19,188
T_S13,189
T_S1,190
T_S2,190
T_S4,190
T_S9,190
T_S12,190
T_S13,190
T_S19,190
T_S2,191
T_S10,191
T_S11,192
T_S11,192
T_S14,192
T_S16,192
T_S16,192
T_S17,192
T_S6,193
T_S10,193
T_S11,193
T_S18,193
T_S18,193
T_S18,193
T_S18,193
T_S18,193
T_S18,193
T_S18,193
T_S18,193
T_S15,194
T_S15,194
T_S15,194
T_S15,194
T_S15,194
T_S15,194
T_S15,194
T_S17,194
T_S17,194
T_S18,194
T_S18,194
T_S18,194
T_S18,194
T_S18,194
T_S18,194
T_S18,194
T_S18,194
T_S18,194
T_S18,194
T_S6,195
T_S5,196
T_S10,196
T_S11,196
T_S11,196
T_S2,197
T_S10,198
T_S14,198
T_S14,198
T_S14,199
T_S1,200
T_S4,200
T_S5,200
T_S5,200
T_S5,200
T_S5,200
T_S5,200
T_S5,200
T_S5,200
T_S5,200
T_S5,200
T_S5,200
T_S9,200
T_S10,200
T_S10,200
T_S10,200
T_S10,200
T_S10,200
T_S11,200
T_S11,200
T_S11,200
T_S11,200
T_S11,200
T_S11,200
T_S11,200
T_S11,200
T_S11,200
T_S11,200
T_S11,200
T_S11,200
T_S11,200
T_S12,200
T_S13,200
T_S14,200
T_S14,200
T_S14,200
T_S14,200
T_S14,200
T_S14,200
T_S14,200
T_S14,200
T_S14,200
T_S14,200
T_S14,200
T_S14,200
T_S16,200
T_S16,200
T_S16,200
T_S16,200
T_S16,200
T_S16,200
T_S16,200
T_S16,200
T_S16,200
T_S16,200
T_S16,200
T_S16,200
T_S19,200
T_S2,201
T_S12,202
T_S8,203
T_S8,203
T_S8,203
T_S8,203
T_S15,203
T_S15,203
T_S15,203
T_S15,203
T_S15,203
T_S15,203
T_S15,203
T_S15,203
T_S15,203
T_S15,203
T_S15,203
T_S17,203
T_S17,203
T_S17,203
T_S17,203
T_S17,203
T_S17,203
T_S17,203
T_S18,203
T_S18,203
T_S18,203
T_S18,203
T_S18,203
T_S18,203
T_S18,203
T_S18,203
T_S18,203
T_S9,204
T_S19,204
T_S4,205
T_S13,205
T_S15,205
T_S15,205
T_S15,205
T_S15,205
T_S17,205
T_S17,205
T_S17,205
T_S17,205
T_S17,205
T_S17,205
T_S17,205
T_S17,205
T_S17,205
T_S17,205
T_S17,205
T_S17,205
T_S17,205
T_S17,205
T_S17,205
T_S19,205
T_S9,206
T_S13,206
T_S3,207
T_S3,207
T_S11,208
T_S13,209
T_S18,210
T_S9,211
T_S19,211
T_S7,212
T_S15,212
T_S15,212
T_S15,212
T_S15,212
T_S15,212
T_S15,212
T_S15,212
T_S15,212
T_S17,212
T_S17,212
T_S17,212
T_S17,212
T_S17,212
T_S17,212
T_S17,212
T_S17,212
T_S17,212
T_S17,212
T_S17,212
T_S17,212
T_S17,212
T_S17,212
T_S17,212
T_S17,212
T_S17,212
T_S17,212
T_S17,212
T_S17,212
T_S17,212
T_S17,212
T_S17,212
T_S17,212
T_S17,212
T_S17,212
T_S17,212
T_S17,212
T_S17,212
T_S17,212
T_S17,212
T_S17,212
T_S17,212
T_S17,212
T_S17,212
T_S17,212
T_S17,212
T_S17,212
T_S15,213
T_S17,213
T_S18,213
T_S18,213
T_S18,213
T_S18,213
T_S18,213
T_S18,213
T_S11,214
T_S16,214
T_S2,215
T_S14,215
T_S10,216
T_S10,216
T_S3,217
T_S9,218
T_S8,219
T_S8,219
T_S8,219
T_S8,219
T_S8,219
T_S8,219
T_S15,219
T_S15,219
T_S15,219
T_S16,219
T_S16,219
T_S18,219
T_S8,220
T_S8,220
T_S18,220
T_S8,221
T_S8,221
T_S9,221
T_S12,221
T_S13,221
T_S15,221
T_S15,221
T_S15,221
T_S15,221
T_S15,221
T_S15,221
T_S15,221
T_S15,221
T_S15,221
T_S15,221
T_S15,221
T_S15,221
T_S15,221
T_S15,221
T_S15,221
T_S15,221
T_S15,221
T_S17,221
T_S17,221
T_S18,221
T_S18,221
T_S18,221
T_S18,221
T_S18,221
T_S18,221
T_S18,221
T_S19,221
T_S1,222
T_S2,222
T_S2,222
T_S2,222
T_S2,222
T_S2,222
T_S2,222
T_S2,222
T_S2,222
T_S3,222
T_S3,222
T_S5,222
T_S5,222
T_S5,222
T_S5,222
T_S5,222
T_S10,222
T_S11,222
T_S11,222
T_S11,222
T_S11,222
T_S11,222
T_S11,222
T_S12,222
T_S13,222
T_S14,222
T_S14,222
T_S14,222
T_S14,222
T_S14,222
T_S14,222
T_S15,222
T_S16,222
T_S16,222
T_S6,223
T_S1,224
T_S2,224
T_S12,224
T_S13,224
T_S1,225
T_S12,225
T_S13,225
T_S8,226
T_S12,227
T_S3,228
T_S1,229
T_S4,229
T_S7,229
T_S7,229
T_S7,229
T_S7,229
T_S7,229
T_S8,229
T_S9,229
T_S10,229
T_S12,229
T_S13,229
T_S15,229
T_S15,229
T_S15,229
T_S17,229
T_S17,229
T_S17,229
T_S17,229
T_S17,229
T_S17,229
T_S17,229
T_S17,229
T_S18,229
T_S18,229
T_S18,229
T_S18,229
T_S18,229
T_S18,229
T_S18,229
T_S18,229
T_S18,229
T_S18,229
T_S18,229
T_S19,229
T_S12,230
T_S19,230
T_S1,231
T_S4,231
T_S9,231
T_S12,231
T_S13,231
T_S19,231
T_S8,232
T_S15,232
T_S15,232
T_S17,232
T_S17,232
T_S17,232
T_S17,232
T_S18,232
T_S18,233
T_S10,234
T_S3,235
T_S3,235
T_S3,235
T_S6,235
T_S13,236
T_S19,236
T_S10,237
T_S10,237
T_S10,237
T_S10,237
T_S10,237
T_S11,237
T_S8,238
T_S4,239
T_S8,239
T_S9,239
T_S12,239
T_S13,239
T_S15,239
T_S15,239
T_S17,239
T_S18,239
T_S18,239
T_S19,239
T_S7,240
T_S8,240
T_S8,240
T_S8,240
T_S15,240
T_S15,240
T_S15,240
T_S15,240
T_S15,240
T_S15,240
T_S15,240
T_S15,240
T_S15,240
T_S15,240
T_S15,240
T_S15,240
T_S15,240
T_S15,240
T_S15,240
T_S15,240
T_S17,240
T_S17,240
T_S17,240
T_S17,240
T_S17,240
T_S18,240
T_S18,240
T_S18,240
T_S18,240
T_S18,240
T_S18,240
T_S18,240
T_S18,240
T_S18,240
T_S18,240
T_S18,240
T_S18,240
T_S18,240
T_S18,240
T_S18,240
T_S18,240
T_S18,240
T_S18,240
T_S18,240
T_S18,240
T_S18,240
T_S18,240
T_S18,240
T_S18,240
T_S18,240
T_S18,240
T_S18,240
T_S18,240
T_S18,240
T_S16,241
T_S16,241
T_S4,242
T_S5,242
T_S5,242
T_S5,242
T_S5,242
T_S9,242
T_S10,242
T_S10,242
T_S19,242
T_S2,243
T_S8,244
T_S8,244
T_S13,244
T_S17,244
T_S17,244
T_S17,244
T_S17,244
T_S17,244
T_S17,244
T_S17,244
T_S17,244
T_S17,244
T_S17,244
T_S17,244
T_S17,244
T_S17,244
T_S17,244
T_S17,244
T_S17,244
T_S17,244
T_S17,244
T_S16,245
T_S14,246
T_S5,247
T_S2,248
T_S2,248
T_S2,248
T_S2,248
T_S3,248
T_S5,248
T_S6,248
T_S6,248
T_S10,248
T_S10,248
T_S11,248
T_S18,248
T_S18,248
T_S18,248
T_S18,248
T_S18,248
T_S18,248
T_S5,249
T_S14,249
T_S8,250
T_S4,251
T_S19,251
T_S11,252
T_S11,253
T_S2,254
T_S4,254
T_S9,254
T_S16,254
T_S16,254
T_S16,254
T_S1,255
T_S4,255
T_S9,255
T_S12,255
T_S19,255
T_S9,256
T_S12,256
T_S13,256
T_S19,256
T_S2,257
T_S3,257
T_S3,257
T_S6,257
T_S17,258
T_S17,258
T_S17,259
T_S17,259
T_S17,259
T_S17,260
T_S2,261
T_S2,261
T_S5,261
T_S6,261
T_S10,261
T_S11,261
T_S11,261
T_S11,261
T_S16,261
T_S16,261
T_S16,261
T_S2,262
T_S5,262
T_S5,262
T_S5,262
T_S6,262
T_S10,262
T_S11,262
T_S14,262
T_S14,262
T_S16,262
T_S2,263
T_S5,263
T_S5,263
T_S6,263
T_S10,263
T_S10,263
T_S10,263
T_S11,263
T_S11,263
T_S14,263
T_S16,263
T_S19,264
T_S13,265
T_S12,266
T_S13,266
T_S13,267
T_S1,268
T_S7,268
T_S8,268
T_S8,268
T_S8,268
T_S8,268
T_S9,268
T_S10,268
T_S11,268
T_S12,268
T_S13,268
T_S16,268
T_S17,268
T_S18,268
T_S18,268
T_S18,268
T_S18,268
T_S18,268
T_S18,268
T_S18,268
T_S18,268
T_S18,268
T_S18,268
T_S18,268
T_S18,268
T_S18,268
T_S18,268
T_S18,268
T_S18,268
T_S18,268
T_S18,268
T_S18,268
T_S18,268
T_S19,268
T_S1,269
T_S2,269
T_S2,269
T_S2,269
T_S4,269
T_S7,269
T_S7,269
T_S8,269
T_S9,269
T_S10,269
T_S10,269
T_S10,269
T_S10,269
T_S11,269
T_S12,269
T_S13,269
T_S14,269
T_S15,269
T_S15,269
T_S16,269
T_S18,269
T_S18,269
T_S18,269
T_S18,269
T_S18,269
T_S18,269
T_S18,269
T_S18,269
T_S18,269
T_S18,269
T_S18,269
T_S18,269
T_S18,269
T_S18,269
T_S18,269
T_S18,269
T_S18,269
T_S19,269
T_S1,270
T_S9,270
T_S12,270
T_S13,270
T_S19,270
T_S2,271
T_S2,271
T_S10,271
T_S11,271
T_S3,272
T_S15,273
T_S15,273
T_S15,273
T_S15,273
T_S15,273
T_S15,273
T_S15,273
T_S15,273
T_S15,273
T_S15,273
T_S15,273
T_S15,273
T_S15,273
T_S17,273
T_S17,273
T_S17,273
T_S17,273
T_S17,273
T_S17,273
T_S17,273
T_S17,273
T_S18,273
T_S2,274
T_S5,274
T_S10,274
T_S11,274
T_S14,274
T_S14,274
T_S16,274
T_S16,274
T_S17,274
T_S18,274
T_S18,274
T_S2,275
T_S5,275
T_S10,275
T_S11,275
T_S11,275
T_S8,276
T_S8,276
T_S8,276
T_S8,276
T_S8,276
T_S15,276
T_S18,276
T_S18,276
T_S18,276
T_S18,276
T_S8,277
T_S17,277
T_S17,277
T_S9,278
T_S19,278
T_S2,279
T_S16,279
T_S10,280
T_S4,281
T_S9,281
T_S12,281
T_S13,281
T_S2,282
T_S2,282
T_S2,282
T_S2,282
T_S2,282
T_S2,283
T_S7,284
T_S7,284
T_S4,285
T_S13,285
T_S19,285
T_S1,286
T_S2,286
T_S4,286
T_S5,286
T_S9,286
T_S12,286
T_S13,286
T_S14,286
T_S19,286
T_S1,287
T_S4,287
T_S9,287
T_S12,287
T_S13,287
T_S14,287
T_S19,287
T_S8,288
T_S8,288
T_S8,288
T_S8,288
T_S12,288
T_S13,288
T_S15,288
T_S15,288
T_S15,288
T_S15,288
T_S15,288
T_S15,288
T_S15,288
T_S15,288
T_S15,288
T_S15,288
T_S15,288
T_S15,288
T_S15,288
T_S15,288
T_S15,288
T_S15,288
T_S15,288
T_S15,288
T_S15,288
T_S15,288
T_S15,288
T_S15,288
T_S15,288
T_S15,288
T_S17,288
T_S17,288
T_S17,288
T_S17,288
T_S17,288
T_S17,288
T_S17,288
T_S17,288
T_S17,288
T_S17,288
T_S17,288
T_S17,288
T_S17,288
T_S17,288
T_S17,288
T_S17,288
T_S17,288
T_S17,288
T_S17,288
T_S17,288
T_S17,288
T_S17,288
T_S17,288
T_S17,288
T_S17,288
T_S17,288
T_S17,288
T_S17,288
T_S17,288
T_S17,288
T_S17,288
T_S17,288
T_S17,288
T_S17,288
T_S17,288
T_S17,288
T_S17,288
T_S17,288
T_S17,288
T_S17,288
T_S17,288
T_S17,288
T_S17,288
T_S17,288
T_S17,288
T_S17,288
T_S17,288
T_S17,288
T_S17,288
T_S17,288
T_S17,288
T_S17,288
T_S17,288
T_S17,288
T_S17,288
T_S17,288
T_S17,288
T_S17,288
T_S17,288
T_S17,288
T_S17,288
T_S17,288
T_S17,288
T_S17,288
T_S17,288
T_S17,288
T_S17,288
T_S17,288
T_S17,288
T_S17,288
T_S17,288
T_S17,288
T_S17,288
T_S17,288
T_S17,288
T_S17,288
T_S17,288
T_S17,288
T_S17,288
T_S17,288
T_S17,288
T_S17,288
T_S17,288
T_S17,288
T_S17,288
T_S17,288
T_S18,288
T_S18,288
T_S18,288
T_S7,289
T_S13,289
T_S15,289
T_S3,290
T_S3,290
T_S3,290
T_S3,290
T_S15,291
T_S15,291
T_S15,291
T_S15,291
T_S15,291
T_S15,291
T_S15,291
T_S17,291
T_S17,291
T_S17,291
T_S17,291
T_S17,291
T_S17,291
T_S17,291
T_S17,291
T_S17,291
T_S17,291
T_S17,291
T_S17,291
T_S17,291
T_S17,291
T_S17,291
T_S17,291
T_S17,291
T_S17,291
T_S17,291
T_S17,291
T_S17,291
T_S17,291
T_S17,291
T_S18,291
T_S7,292
T_S7,292
T_S7,292
T_S8,292
T_S8,292
T_S8,292
T_S8,292
T_S8,292
T_S8,292
T_S8,292
T_S8,292
T_S8,292
T_S8,292
T_S8,292
T_S8,292
T_S8,292
T_S8,292
T_S8,292
T_S8,292
T_S8,292
T_S8,292
T_S8,292
T_S15,292
T_S15,292
T_S15,292
T_S15,292
T_S15,292
T_S15,292
T_S15,292
T_S15,292
T_S15,292
T_S15,292
T_S15,292
T_S15,292
T_S15,292
T_S15,292
T_S15,292
T_S15,292
T_S15,292
T_S15,292
T_S15,292
T_S15,292
T_S15,292
T_S15,292
T_S15,292
T_S15,292
T_S15,292
T_S15,292
T_S15,292
T_S15,292
T_S15,292
T_S15,292
T_S15,292
T_S15,292
T_S15,292
T_S15,292
T_S15,292
T_S15,292
T_S15,292
T_S15,292
T_S15,292
T_S15,292
T_S15,292
T_S15,292
T_S15,292
T_S17,292
T_S17,292
T_S17,292
T_S17,292
T_S17,292
T_S17,292
T_S17,292
T_S17,292
T_S17,292
T_S17,292
T_S17,292
T_S17,292
T_S17,292
T_S17,292
T_S17,292
T_S17,292
T_S17,292
T_S17,292
T_S17,292
T_S17,292
T_S17,292
T_S17,292
T_S17,292
T_S17,292
T_S17,292
T_S17,292
T_S17,292
T_S17,292
T_S17,292
T_S18,292
T_S18,292
T_S18,292
T_S18,292
T_S18,292
T_S18,292
T_S18,292
T_S18,292
T_S18,292
T_S18,292
T_S18,292
T_S18,292
T_S18,292
T_S18,292
T_S18,292
T_S18,292
T_S18,292
T_S18,292
T_S18,292
T_S18,292
T_S18,292
T_S18,292
T_S18,292
T_S18,292
T_S18,292
T_S18,292
T_S18,292
T_S18,292
T_S18,292
T_S18,292
T_S18,292
T_S18,292
T_S18,292
T_S18,292
T_S18,292
T_S18,292
T_S18,292
T_S18,292
T_S18,292
T_S18,292
T_S18,292
T_S18,292
T_S18,292
T_S18,292
T_S18,292
T_S18,292
T_S18,292
T_S18,292
T_S18,292
T_S18,292
T_S18,292
T_S18,292
T_S18,292
T_S18,292
T_S18,292
T_S18,292
T_S18,292
T_S18,292
T_S18,292
T_S18,292
T_S18,292
T_S18,292
T_S18,292
T_S18,292
T_S18,292
T_S18,292
T_S18,292
T_S18,292
T_S18,292
T_S18,292
T_S18,292
T_S18,292
T_S18,292
T_S18,292
T_S18,292
T_S18,292
T_S18,292
T_S18,292
T_S18,292
T_S18,292
T_S18,292
T_S18,292
T_S18,292
T_S18,292
T_S18,292
T_S18,292
T_S18,292
T_S18,292
T_S18,292
T_S18,292
T_S18,292
T_S18,293
T_S17,294
T_S17,294
T_S8,295
T_S8,295
T_S8,295
T_S18,295
T_S18,295
T_S18,295
T_S8,296
T_S15,296
T_S15,296
T_S17,296
T_S17,296
T_S7,297
T_S8,297
T_S8,297
T_S8,297
T_S8,297
T_S8,297
T_S8,297
T_S8,297
T_S8,297
T_S8,297
T_S8,297
T_S15,297
T_S15,297
T_S15,297
T_S15,297
T_S15,297
T_S15,297
T_S15,297
T_S15,297
T_S15,297
T_S15,297
T_S15,297
T_S15,297
T_S15,297
T_S15,297
T_S15,297
T_S17,297
T_S17,297
T_S17,297
T_S17,297
T_S17,297
T_S17,297
T_S17,297
T_S17,297
T_S18,297
T_S18,297
T_S18,297
T_S18,297
T_S18,297
T_S18,297
T_S18,297
T_S18,297
T_S18,297
T_S18,297
T_S18,297
T_S18,297
T_S18,297
T_S18,297
T_S18,297
T_S15,298
T_S8,299
T_S18,300
T_S15,301
T_S17,301
T_S4,302
T_S7,302
T_S12,302
T_S19,302
T_S10,303
T_S10,303
T_S10,303
T_S10,303
T_S16,303
T_S16,303
T_S17,303
T_S1,304
T_S4,304
T_S9,304
T_S12,304
T_S13,304
T_S19,304
T_S1,305
T_S4,305
T_S9,305
T_S12,305
T_S19,305
T_S10,306
T_S10,307
T_S7,308
T_S8,308
T_S8,308
T_S8,308
T_S8,308
T_S8,308
T_S8,308
T_S8,308
T_S8,308
T_S15,308
T_S15,308
T_S15,308
T_S15,308
T_S15,308
T_S15,308
T_S15,308
T_S15,308
T_S17,308
T_S17,308
T_S17,308
T_S18,308
T_S18,308
T_S18,308
T_S18,308
T_S18,308
T_S18,308
T_S18,308
T_S7,309
T_S5,310
T_S11,310
T_S11,310
T_S11,310
T_S16,310
T_S13,311
T_S8,312
T_S18,312
T_S18,312
T_S18,312
T_S3,313
T_S3,313
T_S3,313
T_S6,313
T_S6,313
T_S6,313
T_S6,313
T_S6,313
T_S6,313
T_S8,313
T_S10,313
T_S10,313
T_S10,313
T_S10,313
T_S14,313
T_S16,313
T_S16,313
T_S16,313
T_S8,314
T_S8,314
T_S8,314
T_S15,314
T_S15,314
T_S17,314
T_S17,314
T_S17,314
T_S18,314
T_S18,314
T_S18,314
T_S18,314
T_S18,314
T_S18,314
T_S4,315
T_S19,315
T_S11,316
T_S19,317
T_S13,318
T_S6,319
T_S8,320
T_S8,320
T_S8,320
T_S8,320
T_S8,320
T_S8,320
T_S8,320
T_S8,320
T_S8,320
T_S15,320
T_S15,320
T_S15,320
T_S15,320
T_S15,320
T_S15,320
T_S15,320
T_S15,320
T_S15,320
T_S15,320
T_S17,320
T_S17,320
T_S17,320
T_S17,320
T_S17,320
T_S17,320
T_S17,320
T_S17,320
T_S17,320
T_S17,320
T_S17,320
T_S17,320
T_S17,320
T_S17,320
T_S18,320
T_S18,320
T_S18,320
T_S18,320
T_S18,320
T_S18,320
T_S3,321
T_S3,322
T_S6,322
T_S13,322
T_S14,322
T_S5,323
T_S6,323
T_S10,323
T_S6,324
T_S14,324
T_S14,325
T_S16,326
T_S16,326
T_S7,327
T_S7,327
T_S7,327
T_S8,327
T_S8,327
T_S8,327
T_S8,327
T_S8,327
T_S8,327
T_S8,327
T_S8,327
T_S8,327
T_S8,327
T_S8,327
T_S8,327
T_S15,327
T_S15,327
T_S15,327
T_S15,327
T_S15,327
T_S15,327
T_S15,327
T_S15,327
T_S15,327
T_S15,327
T_S15,327
T_S15,327
T_S15,327
T_S15,327
T_S15,327
T_S15,327
T_S15,327
T_S15,327
T_S17,327
T_S17,327
T_S17,327
T_S17,327
T_S17,327
T_S17,327
T_S17,327
T_S17,327
T_S17,327
T_S17,327
T_S17,327
T_S17,327
T_S17,327
T_S17,327
T_S17,327
T_S17,327
T_S17,327
T_S17,327
T_S17,327
T_S17,327
T_S17,327
T_S17,327
T_S17,327
T_S17,327
T_S17,327
T_S17,327
T_S17,327
T_S17,327
T_S17,327
T_S17,327
T_S17,327
T_S17,327
T_S17,327
T_S17,327
T_S17,327
T_S17,327
T_S17,327
T_S17,327
T_S17,327
T_S17,327
T_S17,327
T_S17,327
T_S17,327
T_S17,327
T_S17,327
T_S18,327
T_S18,327
T_S18,327
T_S18,327
T_S18,327
T_S18,327
T_S18,327
T_S6,328
T_S6,328
T_S14,328
T_S16,328
T_S8,329
T_S8,329
T_S8,329
T_S8,329
T_S8,329
T_S8,329
T_S8,329
T_S8,329
T_S15,329
T_S15,329
T_S15,329
T_S15,329
T_S15,329
T_S15,329
T_S15,329
T_S15,329
T_S15,329
T_S15,329
T_S15,329
T_S15,329
T_S15,329
T_S15,329
T_S17,329
T_S17,329
T_S17,329
T_S17,329
T_S17,329
T_S17,329
T_S17,329
T_S17,329
T_S17,329
T_S17,329
T_S17,329
T_S17,329
T_S18,329
T_S18,329
T_S18,329
T_S18,329
T_S18,329
T_S8,330
T_S3,331
T_S11,332
T_S10,333
T_S3,334
T_S1,335
T_S8,335
T_S8,335
T_S8,335
T_S8,335
T_S8,335
T_S8,335
T_S8,335
T_S8,335
T_S8,335
T_S8,335
T_S9,335
T_S12,335
T_S13,335
T_S15,335
T_S15,335
T_S15,335
T_S15,335
T_S15,335
T_S15,335
T_S15,335
T_S15,335
T_S15,335
T_S15,335
T_S15,335
T_S15,335
T_S15,335
T_S15,335
T_S15,335
T_S15,335
T_S15,335
T_S15,335
T_S15,335
T_S15,335
T_S17,335
T_S17,335
T_S17,335
T_S17,335
T_S17,335
T_S17,335
T_S17,335
T_S18,335
T_S18,335
T_S18,335
T_S18,335
T_S18,335
T_S18,335
T_S18,335
T_S18,335
T_S19,335
T_S17,336
T_S8,337
T_S17,338
T_S15,339
T_S15,339
T_S15,339
T_S15,339
T_S15,339
T_S15,339
T_S15,339
T_S15,339
T_S15,339
T_S15,339
T_S15,339
T_S15,339
T_S18,339
T_S3,340
T_S11,341
T_S11,341
T_S18,341
T_S5,342
T_S5,342
T_S11,342
T_S14,342
T_S14,342
T_S16,342
T_S16,342
T_S1,343
T_S4,343
T_S7,343
T_S8,343
T_S8,343
T_S8,343
T_S8,343
T_S9,343
T_S11,343
T_S12,343
T_S13,343
T_S14,343
T_S14,343
T_S14,343
T_S15,343
T_S16,343
T_S16,343
T_S16,343
T_S18,343
T_S18,343
T_S18,343
T_S18,343
T_S18,343
T_S18,343
T_S18,343
T_S18,343
T_S18,343
T_S18,343
T_S19,343
T_S2,344
T_S16,344
T_S14,345
T_S14,346
T_S9,347
T_S12,347
T_S13,347
T_S19,347
T_S1,348
T_S4,348
T_S6,348
T_S6,348
T_S9,348
T_S11,348
T_S11,348
T_S12,348
T_S13,348
T_S18,348
T_S18,348
T_S18,348
T_S18,348
T_S19,348
T_S9,349
T_S1,350
T_S4,350
T_S9,350
T_S12,350
T_S13,350
T_S19,350
T_S1,351
T_S4,351
T_S9,351
T_S12,351
T_S1,352
T_S4,352
T_S9,352
T_S13,352
T_S19,352
T_S1,353
T_S4,353
T_S9,353
T_S12,353
T_S13,353
T_S19,353
T_S14,354
T_S14,354
T_S14,354
T_S3,355
T_S15,355
T_S15,355
T_S15,355
T_S17,355
T_S17,355
T_S18,356
T_S18,357
T_S18,357
T_S7,358
T_S8,358
T_S8,358
T_S8,358
T_S8,358
T_S8,358
T_S8,358
T_S8,358
T_S17,358
T_S17,358
T_S17,358
T_S18,358
T_S18,358
T_S18,358
T_S18,358
T_S18,358
T_S18,358
T_S18,358
T_S3,359
T_S9,360
T_S10,360
T_S10,360
T_S13,360
T_S14,360
T_S14,360
T_S14,360
T_S16,360
T_S19,360
T_S10,361
T_S2,362
T_S7,362
T_S7,362
T_S7,362
T_S10,362
T_S13,362
T_S14,362
T_S14,362
T_S14,362
T_S16,362
T_S16,362
T_S16,362
T_S17,362
T_S18,362
T_S3,363
T_S10,363
T_S10,363
T_S2,364
T_S11,364
T_S11,364
T_S14,364
T_S8,365
T_S1,366
T_S2,366
T_S2,366
T_S4,366
T_S5,366
T_S7,366
T_S7,366
T_S7,366
T_S7,366
T_S7,366
T_S7,366
T_S8,366
T_S8,366
T_S8,366
T_S8,366
T_S8,366
T_S8,366
T_S8,366
T_S8,366
T_S8,366
T_S8,366
T_S8,366
T_S8,366
T_S8,366
T_S8,366
T_S8,366
T_S8,366
T_S8,366
T_S8,366
T_S8,366
T_S8,366
T_S8,366
T_S8,366
T_S8,366
T_S8,366
T_S8,366
T_S8,366
T_S8,366
T_S8,366
T_S8,366
T_S8,366
T_S8,366
T_S8,366
T_S8,366
T_S8,366
T_S8,366
T_S8,366
T_S8,366
T_S8,366
T_S8,366
T_S8,366
T_S8,366
T_S8,366
T_S8,366
T_S8,366
T_S8,366
T_S8,366
T_S8,366
T_S8,366
T_S8,366
T_S8,366
T_S8,366
T_S8,366
T_S8,366
T_S8,366
T_S8,366
T_S8,366
T_S8,366
T_S8,366
T_S8,366
T_S8,366
T_S8,366
T_S8,366
T_S8,366
T_S8,366
T_S8,366
T_S8,366
T_S8,366
T_S8,366
T_S8,366
T_S8,366
T_S8,366
T_S8,366
T_S8,366
T_S8,366
T_S8,366
T_S8,366
T_S8,366
T_S8,366
T_S8,366
T_S9,366
T_S10,366
T_S11,366
T_S11,366
T_S11,366
T_S12,366
T_S13,366
T_S14,366
T_S14,366
T_S15,366
T_S15,366
T_S15,366
T_S15,366
T_S15,366
T_S15,366
T_S16,366
T_S16,366
T_S17,366
T_S17,366
T_S17,366
T_S18,366
T_S18,366
T_S18,366
T_S18,366
T_S18,366
T_S18,366
T_S18,366
T_S18,366
T_S18,366
T_S19,366
T_S1,367
T_S4,367
T_S9,367
T_S12,367
T_S13,367
T_S19,367
T_S8,368
T_S12,368
T_S4,369
T_S7,369
T_S8,369
T_S8,369
T_S8,369
T_S8,369
T_S8,369
T_S8,369
T_S8,369
T_S9,369
T_S12,369
T_S13,369
T_S15,369
T_S15,369
T_S15,369
T_S15,369
T_S15,369
T_S15,369
T_S18,369
T_S18,369
T_S18,369
T_S18,369
T_S18,369
T_S18,369
T_S19,369
T_S16,370
T_S16,370
T_S1,371
T_S2,371
T_S2,371
T_S3,371
T_S4,371
T_S5,371
T_S6,371
T_S7,371
T_S8,371
T_S8,371
T_S8,371
T_S8,371
T_S8,371
T_S8,371
T_S8,371
T_S8,371
T_S8,371
T_S8,371
T_S8,371
T_S8,371
T_S8,371
T_S8,371
T_S8,371
T_S8,371
T_S8,371
T_S8,371
T_S8,371
T_S8,371
T_S8,371
T_S8,371
T_S9,371
T_S10,371
T_S10,371
T_S11,371
T_S12,371
T_S13,371
T_S14,371
T_S14,371
T_S14,371
T_S14,371
T_S15,371
T_S15,371
T_S15,371
T_S15,371
T_S15,371
T_S15,371
T_S15,371
T_S15,371
T_S16,371
T_S17,371
T_S17,371
T_S17,371
T_S17,371
T_S17,371
T_S17,371
T_S18,371
T_S18,371
T_S18,371
T_S18,371
T_S18,371
T_S18,371
T_S18,371
T_S18,371
T_S18,371
T_S18,371
T_S18,371
T_S18,371
T_S18,371
T_S18,371
T_S18,371
T_S18,371
T_S19,371
T_S2,372
T_S2,372
T_S3,372
T_S3,372
T_S3,372
T_S3,372
T_S3,372
T_S3,372
T_S3,372
T_S3,372
T_S6,372
T_S11,372
T_S11,372
T_S14,372
T_S14,372
T_S16,372
T_S15,373
T_S15,373
T_S17,373
T_S17,373
T_S17,373
T_S17,373
T_S17,373
T_S17,373
T_S17,373
T_S17,373
T_S17,373
T_S17,373
T_S17,373
T_S17,373
T_S17,373
T_S17,373
T_S17,373
T_S17,373
T_S17,373
T_S17,373
T_S17,373
T_S17,373
T_S17,373
T_S17,373
T_S17,373
T_S17,373
T_S17,373
T_S17,373
T_S17,373
T_S17,373
T_S17,373
T_S17,373
T_S17,373
T_S18,373
T_S18,373
T_S18,373
T_S4,374
T_S6,374
T_S8,374
T_S9,374
T_S11,374
T_S11,374
T_S13,374
T_S14,374
T_S17,374
T_S17,374
T_S17,374
T_S17,374
T_S17,374
T_S17,374
T_S17,374
T_S17,374
T_S19,374
T_S5,375
T_S11,375
T_S11,375
T_S16,375
T_S10,376
T_S1,377
T_S13,377
T_S19,377
T_S4,378
T_S9,378
T_S12,378
T_S13,378
T_S19,379
T_S5,380
T_S15,381
T_S15,381
T_S18,381
T_S18,381
T_S18,381
T_S18,381
T_S18,381
T_S8,382
T_S18,382
T_S18,382
T_S18,382
T_S18,382
T_S8,383
T_S8,383
T_S8,383
T_S18,383
T_S18,383
T_S18,383
T_S14,384
T_S16,384
T_S4,385
T_S9,385
T_S2,386
T_S2,387
T_S8,387
T_S8,387
T_S8,387
T_S8,387
T_S8,387
T_S8,387
T_S8,387
T_S8,387
T_S8,387
T_S8,387
T_S8,387
T_S8,387
T_S8,387
T_S8,387
T_S10,387
T_S11,387
T_S11,387
T_S11,387
T_S16,387
T_S18,387
T_S9,388
T_S12,388
T_S4,389
T_S7,389
T_S8,389
T_S8,389
T_S8,389
T_S8,389
T_S8,389
T_S8,389
T_S8,389
T_S8,389
T_S8,389
T_S8,389
T_S8,389
T_S8,389
T_S8,389
T_S9,389
T_S12,389
T_S13,389
T_S15,389
T_S15,389
T_S15,389
T_S15,389
T_S15,389
T_S15,389
T_S15,389
T_S18,389
T_S18,389
T_S18,389
T_S18,389
T_S18,389
T_S18,389
T_S18,389
T_S18,389
T_S18,389
T_S18,389
T_S18,389
T_S18,389
T_S18,389
T_S18,389
T_S18,389
T_S18,389
T_S18,389
T_S18,389
T_S18,389
T_S18,389
T_S18,389
T_S18,389
T_S18,389
T_S18,389
T_S18,389
T_S19,389
T_S2,390
T_S10,390
T_S10,390
T_S10,390
T_S9,391
T_S12,391
T_S13,391
T_S19,391
T_S10,392
T_S10,392
T_S16,392
T_S2,393
T_S2,393
T_S2,393
T_S2,393
T_S2,393
T_S5,393
T_S5,393
T_S5,393
T_S5,393
T_S6,393
T_S10,393
T_S10,393
T_S10,393
T_S10,393
T_S11,393
T_S11,393
T_S11,393
T_S11,393
T_S14,393
T_S14,393
T_S14,393
T_S14,393
T_S16,393
T_S3,394
T_S10,394
T_S11,394
T_S14,394
T_S1,395
T_S4,395
T_S5,395
T_S5,395
T_S5,395
T_S6,395
T_S7,395
T_S7,395
T_S8,395
T_S9,395
T_S10,395
T_S12,395
T_S13,395
T_S15,395
T_S18,395
T_S18,395
T_S18,395
T_S18,395
T_S18,395
T_S18,395
T_S18,395
T_S18,395
T_S18,395
T_S18,395
T_S18,395
T_S18,395
T_S18,395
T_S19,395
T_S1,396
T_S2,396
T_S2,396
T_S4,396
T_S7,396
T_S7,396
T_S9,396
T_S11,396
T_S12,396
T_S13,396
T_S18,396
T_S18,396
T_S18,396
T_S18,396
T_S18,396
T_S18,396
T_S18,396
T_S18,396
T_S18,396
T_S18,396
T_S18,396
T_S18,396
T_S19,396
T_S3,397
T_S7,397
T_S8,397
T_S8,397
T_S8,397
T_S15,397
T_S15,397
T_S15,397
T_S17,397
T_S17,397
T_S17,397
T_S17,397
T_S17,397
T_S17,397
T_S17,397
T_S17,397
T_S17,397
T_S18,397
T_S18,397
T_S18,397
T_S18,397
T_S18,397
T_S18,397
T_S18,397
T_S18,397
T_S18,397
T_S18,397
T_S18,397
T_S18,397
T_S18,397
T_S18,397
T_S18,397
T_S18,397
T_S18,397
T_S1,398
T_S4,398
T_S8,398
T_S8,398
T_S8,398
T_S8,398
T_S8,398
T_S9,398
T_S10,398
T_S12,398
T_S13,398
T_S18,398
T_S18,398
T_S18,398
T_S18,398
T_S18,398
T_S18,398
T_S19,398
T_S1,399
T_S4,399
T_S5,399
T_S5,399
T_S5,399
T_S7,399
T_S8,399
T_S9,399
T_S10,399
T_S11,399
T_S11,399
T_S11,399
T_S11,399
T_S12,399
T_S13,399
T_S14,399
T_S14,399
T_S14,399
T_S15,399
T_S17,399
T_S18,399
T_S18,399
T_S18,399
T_S18,399
T_S18,399
T_S18,399
T_S18,399
T_S18,399
T_S18,399
T_S18,399
T_S18,399
T_S18,399
T_S18,399
T_S18,399
T_S18,399
T_S18,399
T_S18,399
T_S18,399
T_S18,399
T_S18,399
T_S18,399
T_S18,399
T_S19,399
T_S1,400
T_S3,400
T_S7,400
T_S10,400
T_S12,400
T_S17,400
T_S17,400
T_S18,400
T_S18,400
T_S18,400
T_S18,400
T_S18,400
T_S18,400
T_S18,400
T_S18,400
T_S18,400
T_S19,400
T_S13,401
T_S1,402
T_S4,402
T_S9,402
T_S12,402
T_S13,402
T_S19,402
T_S19,403
T_S2,404
T_S6,404
T_S10,405
T_S10,405
T_S11,406
T_S16,406
T_S5,407
T_S11,407
T_S8,408
T_S15,408
T_S7,409
T_S8,410
T_S10,410
T_S18,410
T_S7,411
T_S18,411
T_S13,412
T_S5,413
T_S11,414
T_S3,415
T_S8,415
T_S8,415
T_S8,415
T_S8,415
T_S8,415
T_S8,415
T_S8,415
T_S15,415
T_S15,415
T_S15,415
T_S15,415
T_S15,415
T_S15,415
T_S15,415
T_S17,415
T_S17,415
T_S17,415
T_S17,415
T_S17,415
T_S17,415
T_S17,415
T_S17,415
T_S18,415
T_S18,415
T_S18,415
T_S18,415
T_S2,416
T_S3,416
T_S3,416
T_S13,416
T_S8,417
T_S8,417
T_S8,417
T_S8,417
T_S8,417
T_S8,417
T_S8,417
T_S15,417
T_S17,417
T_S8,418
T_S7,419
T_S8,419
T_S8,419
T_S8,419
T_S8,419
T_S15,419
T_S15,419
T_S15,419
T_S17,419
T_S18,419
T_S18,419
T_S18,419
T_S18,419
T_S18,419
T_S18,419
T_S1,420
T_S11,420
T_S19,420
T_S3,421
T_S13,422
T_S18,423
T_S13,424
T_S19,424
T_S11,425
T_S11,426
T_S2,427
T_S2,427
T_S1,428
T_S4,428
T_S7,428
T_S8,428
T_S8,428
T_S8,428
T_S8,428
T_S8,428
T_S9,428
T_S12,428
T_S13,428
T_S15,428
T_S15,428
T_S15,428
T_S15,428
T_S15,428
T_S15,428
T_S15,428
T_S15,428
T_S15,428
T_S15,428
T_S15,428
T_S15,428
T_S15,428
T_S15,428
T_S17,428
T_S17,428
T_S17,428
T_S17,428
T_S17,428
T_S18,428
T_S18,428
T_S18,428
T_S18,428
T_S18,428
T_S18,428
T_S18,428
T_S18,428
T_S18,428
T_S19,428
T_S17,429
T_S9,430
T_S13,430
T_S2,431
T_S3,431
T_S3,431
T_S5,431
T_S6,431
T_S6,431
T_S6,431
T_S11,431
T_S14,431
T_S14,431
T_S14,431
T_S14,431
T_S14,431
T_S16,431
T_S16,431
T_S16,431
T_S16,431
T_S16,431
T_S9,432
T_S12,432
T_S13,432
T_S1,433
T_S4,433
T_S9,433
T_S12,433
T_S13,433
T_S19,433
T_S15,434
T_S17,434
T_S17,434
T_S17,434
T_S18,434
T_S18,434
T_S18,434
T_S18,434
T_S14,435
T_S16,435
T_S10,436
T_S15,436
T_S15,436
T_S8,437
T_S8,437
T_S8,437
T_S8,437
T_S8,437
T_S8,437
T_S8,437
T_S8,437
T_S13,437
T_S15,437
T_S15,437
T_S15,437
T_S15,437
T_S15,437
T_S15,437
T_S15,437
T_S15,437
T_S17,437
T_S17,437
T_S17,437
T_S17,437
T_S18,437
T_S18,437
T_S18,437
T_S18,437
T_S9,438
T_S19,438
T_S9,439
T_S19,439
T_S12,440
T_S13,440
T_S15,441
T_S18,441
T_S13,442
T_S19,442
T_S11,443
T_S11,443
T_S10,444
T_S1,445
T_S4,445
T_S7,445
T_S9,445
T_S12,445
T_S13,445
T_S19,445
T_S2,446
T_S2,446
T_S5,446
T_S5,446
T_S10,446
T_S11,446
T_S4,447
T_S8,447
T_S8,447
T_S8,447
T_S8,447
T_S9,447
T_S12,447
T_S15,447
T_S18,447
T_S18,447
T_S18,447
T_S18,447
T_S18,447
T_S19,447
T_S3,448
T_S3,448
T_S3,448
T_S3,448
T_S5,449
T_S15,450
T_S15,450
T_S15,450
T_S15,450
T_S15,450
T_S17,450
T_S18,450
T_S18,450
T_S18,450
T_S4,451
T_S9,451
T_S19,451
T_S10,452
T_S14,453
T_S5,454
T_S5,454
T_S5,454
T_S5,454
T_S10,454
T_S14,454
T_S14,454
T_S14,454
T_S1,455
T_S4,455
T_S7,455
T_S8,455
T_S8,455
T_S8,455
T_S8,455
T_S8,455
T_S8,455
T_S8,455
T_S8,455
T_S8,455
T_S8,455
T_S8,455
T_S8,455
T_S8,455
T_S8,455
T_S8,455
T_S8,455
T_S8,455
T_S8,455
T_S8,455
T_S8,455
T_S8,455
T_S8,455
T_S8,455
T_S8,455
T_S8,455
T_S8,455
T_S8,455
T_S8,455
T_S9,455
T_S10,455
T_S12,455
T_S13,455
T_S15,455
T_S15,455
T_S15,455
T_S17,455
T_S18,455
T_S18,455
T_S18,455
T_S18,455
T_S18,455
T_S18,455
T_S18,455
T_S18,455
T_S18,455
T_S18,455
T_S18,455
T_S18,455
T_S18,455
T_S18,455
T_S18,455
T_S18,455
T_S18,455
T_S18,455
T_S18,455
T_S18,455
T_S18,455
T_S18,455
T_S18,455
T_S18,455
T_S18,455
T_S18,455
T_S18,455
T_S18,455
T_S18,455
T_S18,455
T_S18,455
T_S18,455
T_S19,455
T_S4,456
T_S9,456
T_S12,456
T_S13,456
T_S19,456
T_S1,457
T_S2,457
T_S2,457
T_S5,457
T_S5,457
T_S5,457
T_S5,457
T_S7,457
T_S7,457
T_S8,457
T_S8,457
T_S8,457
T_S8,457
T_S8,457
T_S8,457
T_S8,457
T_S8,457
T_S8,457
T_S8,457
T_S8,457
T_S8,457
T_S8,457
T_S8,457
T_S8,457
T_S8,457
T_S8,457
T_S8,457
T_S8,457
T_S8,457
T_S8,457
T_S8,457
T_S8,457
T_S8,457
T_S8,457
T_S8,457
T_S8,457
T_S8,457
T_S8,457
T_S8,457
T_S8,457
T_S8,457
T_S9,457
T_S10,457
T_S10,457
T_S11,457
T_S11,457
T_S12,457
T_S13,457
T_S15,457
T_S15,457
T_S15,457
T_S15,457
T_S15,457
T_S15,457
T_S15,457
T_S15,457
T_S15,457
T_S17,457
T_S17,457
T_S18,457
T_S18,457
T_S18,457
T_S18,457
T_S18,457
T_S18,457
T_S18,457
T_S18,457
T_S18,457
T_S18,457
T_S18,457
T_S18,457
T_S18,457
T_S18,457
T_S18,457
T_S18,457
T_S18,457
T_S18,457
T_S18,457
T_S18,457
T_S18,457
T_S18,457
T_S18,457
T_S18,457
T_S18,457
T_S18,457
T_S18,457
T_S18,457
T_S18,457
T_S18,457
T_S18,457
T_S18,457
T_S18,457
T_S18,457
T_S18,457
T_S18,457
T_S19,457
T_S5,458
T_S5,458
T_S10,458
T_S14,458
T_S16,458
T_S16,458
T_S15,459
T_S10,460
T_S2,461
T_S10,461
T_S14,461
T_S2,462
T_S14,462
T_S16,463
T_S8,464
T_S9,464
T_S13,464
T_S15,464
T_S15,464
T_S15,464
T_S15,464
T_S17,464
T_S17,464
T_S17,464
T_S17,464
T_S17,464
T_S17,464
T_S17,464
T_S17,464
T_S17,464
T_S17,464
T_S17,464
T_S17,464
T_S17,464
T_S17,464
T_S17,464
T_S17,464
T_S17,464
T_S17,464
T_S17,464
T_S17,464
T_S17,464
T_S17,464
T_S17,464
T_S17,464
T_S17,464
T_S17,464
T_S18,464
T_S18,464
T_S18,464
T_S2,465
T_S2,466
T_S2,466
T_S4,466
T_S9,466
T_S11,466
T_S12,466
T_S13,466
T_S15,466
T_S19,466
T_S2,467
T_S2,467
T_S2,467
T_S3,467
T_S17,468
T_S18,468
T_S18,468
T_S6,469
T_S10,469
T_S11,469
T_S14,469
T_S16,469
T_S5,470
T_S6,470
T_S6,470
T_S6,470
T_S6,470
T_S10,470
T_S2,471
T_S15,471
T_S15,471
T_S15,471
T_S18,471
T_S4,472
T_S9,472
T_S12,472
T_S17,473
T_S8,474
T_S8,474
T_S8,474
T_S8,474
T_S8,474
T_S15,474
T_S15,474
T_S15,474
T_S15,474
T_S15,474
T_S15,474
T_S15,474
T_S15,474
T_S15,474
T_S15,474
T_S15,474
T_S15,474
T_S15,474
T_S15,474
T_S15,474
T_S15,474
T_S15,474
T_S17,474
T_S18,474
T_S18,474
T_S18,474
T_S18,474
T_S18,474
T_S18,474
T_S18,474
T_S18,474
T_S18,474
T_S18,474
T_S9,475
T_S12,475
T_S19,475
T_S2,476
T_S7,477
T_S8,477
T_S8,477
T_S8,477
T_S8,477
T_S8,477
T_S8,477
T_S8,477
T_S8,477
T_S8,477
T_S8,477
T_S8,477
T_S8,477
T_S8,477
T_S8,477
T_S8,477
T_S8,477
T_S8,477
T_S8,477
T_S8,477
T_S8,477
T_S8,477
T_S8,477
T_S8,477
T_S8,477
T_S8,477
T_S8,477
T_S8,477
T_S8,477
T_S8,477
T_S8,477
T_S8,477
T_S8,477
T_S8,477
T_S8,477
T_S8,477
T_S8,477
T_S8,477
T_S8,477
T_S8,477
T_S8,477
T_S8,477
T_S8,477
T_S8,477
T_S8,477
T_S8,477
T_S8,477
T_S8,477
T_S11,477
T_S15,477
T_S15,477
T_S15,477
T_S15,477
T_S15,477
T_S15,477
T_S15,477
T_S15,477
T_S15,477
T_S15,477
T_S15,477
T_S15,477
T_S15,477
T_S15,477
T_S15,477
T_S15,477
T_S15,477
T_S15,477
T_S15,477
T_S15,477
T_S15,477
T_S15,477
T_S15,477
T_S15,477
T_S15,477
T_S15,477
T_S15,477
T_S15,477
T_S15,477
T_S15,477
T_S15,477
T_S15,477
T_S15,477
T_S15,477
T_S15,477
T_S15,477
T_S15,477
T_S15,477
T_S15,477
T_S15,477
T_S15,477
T_S15,477
T_S15,477
T_S15,477
T_S15,477
T_S15,477
T_S15,477
T_S15,477
T_S15,477
T_S15,477
T_S16,477
T_S16,477
T_S17,477
T_S17,477
T_S17,477
T_S17,477
T_S17,477
T_S17,477
T_S17,477
T_S17,477
T_S17,477
T_S17,477
T_S17,477
T_S17,477
T_S17,477
T_S17,477
T_S17,477
T_S17,477
T_S17,477
T_S17,477
T_S17,477
T_S17,477
T_S17,477
T_S17,477
T_S17,477
T_S17,477
T_S17,477
T_S17,477
T_S17,477
T_S17,477
T_S17,477
T_S17,477
T_S17,477
T_S17,477
T_S17,477
T_S17,477
T_S17,477
T_S17,477
T_S17,477
T_S17,477
T_S17,477
T_S17,477
T_S17,477
T_S17,477
T_S17,477
T_S17,477
T_S17,477
T_S17,477
T_S18,477
T_S18,477
T_S18,477
T_S18,477
T_S18,477
T_S18,477
T_S18,477
T_S18,477
T_S18,477
T_S18,477
T_S18,477
T_S18,477
T_S18,477
T_S18,477
T_S18,477
T_S18,477
T_S18,477
T_S18,477
T_S18,477
T_S18,477
T_S18,477
T_S18,477
T_S18,477
T_S18,477
T_S18,477
T_S18,477
T_S18,477
T_S18,477
T_S18,477
T_S18,477
T_S18,477
T_S18,477
T_S18,477
T_S18,477
T_S18,477
T_S18,477
T_S18,477
T_S18,477
T_S18,477
T_S18,477
T_S18,477
T_S18,477
T_S18,477
T_S18,477
T_S18,477
T_S18,477
T_S18,477
T_S18,477
T_S18,477
T_S18,477
T_S18,477
T_S18,477
T_S2,478
T_S15,478
T_S15,478
T_S18,478
T_S18,478
T_S15,479
T_S1,480
T_S4,480
T_S9,480
T_S12,480
T_S19,480
T_S2,481
T_S10,481
T_S11,481
T_S14,481
T_S14,481
T_S1,482
T_S7,482
T_S7,482
T_S7,482
T_S8,482
T_S8,482
T_S8,482
T_S12,482
T_S13,482
T_S15,482
T_S15,482
T_S15,482
T_S15,482
T_S15,482
T_S15,482
T_S15,482
T_S15,482
T_S15,482
T_S15,482
T_S15,482
T_S17,482
T_S17,482
T_S17,482
T_S17,482
T_S17,482
T_S17,482
T_S17,482
T_S18,482
T_S18,482
T_S18,482
T_S18,482
T_S18,482
T_S18,482
T_S18,482
T_S8,483
T_S8,483
T_S8,483
T_S8,483
T_S8,483
T_S8,484
T_S8,484
T_S8,484
T_S8,484
T_S8,484
T_S8,484
T_S8,484
T_S8,484
T_S8,484
T_S8,484
T_S8,484
T_S8,484
T_S8,484
T_S8,484
T_S18,484
T_S5,485
T_S4,486
T_S9,486
T_S17,487
T_S17,487
T_S17,487
T_S17,487
T_S17,487
T_S17,487
T_S18,487
T_S19,488
T_S1,489
T_S4,489
T_S9,489
T_S12,489
T_S13,489
T_S19,489
T_S2,490
T_S6,490
T_S6,490
T_S11,490
T_S16,490
T_S5,491
T_S5,491
T_S13,491
T_S19,491
T_S2,492
T_S10,492
T_S11,492
T_S11,492
T_S11,492
T_S11,492
T_S16,492
T_S5,493
T_S10,493
T_S11,493
T_S11,493
T_S11,493
T_S14,493
T_S16,493
T_S4,494
T_S9,494
T_S12,494
T_S19,494
T_S7,495
T_S8,495
T_S8,495
T_S15,495
T_S15,495
T_S15,495
T_S15,495
T_S15,495
T_S15,495
T_S15,495
T_S15,495
T_S17,495
T_S17,495
T_S17,495
T_S17,495
T_S17,495
T_S17,495
T_S17,495
T_S17,495
T_S17,495
T_S17,495
T_S17,495
T_S17,495
T_S17,495
T_S17,495
T_S17,495
T_S17,495
T_S17,495
T_S17,495
T_S17,495
T_S17,495
T_S17,495
T_S17,495
T_S17,495
T_S17,495
T_S17,495
T_S17,495
T_S17,495
T_S17,495
T_S17,495
T_S17,495
T_S17,495
T_S17,495
T_S17,495
T_S17,495
T_S17,495
T_S17,495
T_S17,495
T_S17,495
T_S17,495
T_S17,495
T_S17,495
T_S17,495
T_S17,495
T_S17,495
T_S17,495
T_S17,495
T_S17,495
T_S17,495
T_S17,495
T_S17,495
T_S17,495
T_S17,495
T_S17,495
T_S17,495
T_S17,495
T_S17,495
T_S17,495
T_S17,495
T_S17,495
T_S17,495
T_S17,495
T_S18,495
T_S18,495
T_S18,495
T_S18,495
T_S18,495
T_S18,495
T_S18,495
T_S18,495
T_S18,495
T_S18,495
T_S18,495
T_S15,496
T_S15,496
T_S15,496
T_S15,496
T_S15,496
T_S17,496
T_S17,496
T_S17,496
T_S17,496
T_S17,496
T_S17,496
T_S14,497
T_S16,497
T_S16,497
T_S16,497
T_S17,498
T_S18,498
T_S18,498
T_S1,499
T_S9,499
T_S16,499
T_S3,500
T_S16,500
T_S14,501
T_S2,502
T_S3,502
T_S6,502
T_S10,502
T_S10,502
T_S11,502
T_S11,502
T_S11,502
T_S16,502
T_S7,503
T_S4,504
T_S9,504
T_S12,504
T_S13,504
T_S18,504
T_S19,504
T_S2,505
T_S13,506
T_S1,507
T_S4,507
T_S7,507
T_S8,507
T_S8,507
T_S13,507
T_S18,507
T_S18,507
T_S18,507
T_S18,507
T_S18,507
T_S18,507
T_S18,507
T_S18,507
T_S18,507
T_S18,507
T_S18,507
T_S18,507
T_S18,507
T_S19,507
T_S4,508
T_S9,508
T_S12,508
T_S13,508
T_S19,508
T_S1,509
T_S4,509
T_S9,509
T_S12,509
T_S13,509
T_S19,509
T_S1,510
T_S2,510
T_S2,510
T_S2,510
T_S2,510
T_S2,510
T_S4,510
T_S5,510
T_S5,510
T_S5,510
T_S5,510
T_S5,510
T_S6,510
T_S6,510
T_S6,510
T_S7,510
T_S7,510
T_S7,510
T_S7,510
T_S9,510
T_S10,510
T_S10,510
T_S10,510
T_S10,510
T_S10,510
T_S10,510
T_S11,510
T_S11,510
T_S11,510
T_S11,510
T_S12,510
T_S13,510
T_S14,510
T_S14,510
T_S14,510
T_S14,510
T_S14,510
T_S14,510
T_S14,510
T_S16,510
T_S18,510
T_S18,510
T_S18,510
T_S18,510
T_S18,510
T_S18,510
T_S18,510
T_S18,510
T_S18,510
T_S18,510
T_S18,510
T_S18,510
T_S18,510
T_S18,510
T_S18,510
T_S18,510
T_S18,510
T_S18,510
T_S18,510
T_S19,510
T_S2,511
T_S8,512
T_S11,513
T_S11,513
T_S11,513
T_S11,513
T_S11,514
T_S11,515
T_S14,516
T_S15,517
T_S5,518
T_S14,519
T_S14,520
T_S2,521
T_S14,521
T_S2,522
T_S11,523
T_S12,524
T_S19,524
T_S2,525
T_S3,526
T_S5,527
T_S11,527
T_S15,527
T_S15,527
T_S15,527
T_S15,527
T_S15,527
T_S15,527
T_S15,527
T_S15,527
T_S15,527
T_S15,527
T_S15,527
T_S15,527
T_S17,527
T_S17,527
T_S17,527
T_S17,527
T_S17,527
T_S17,527
T_S17,527
T_S17,527
T_S17,527
T_S17,527
T_S17,527
T_S17,527
T_S17,527
T_S17,527
T_S17,527
T_S17,527
T_S17,527
T_S17,527
T_S17,527
T_S17,527
T_S17,527
T_S17,527
T_S17,527
T_S17,527
T_S17,527
T_S17,527
T_S17,527
T_S17,527
T_S17,527
T_S17,527
T_S17,527
T_S17,527
T_S17,527
T_S17,527
T_S17,527
T_S17,527
T_S17,527
T_S18,527
T_S18,528
T_S3,529
T_S5,529
T_S10,529
T_S11,529
T_S15,529
T_S17,529
T_S17,529
T_S17,529
T_S17,529
T_S17,529
T_S17,529
T_S18,529
T_S3,530
T_S6,530
T_S10,530
T_S11,530
T_S11,530
T_S12,530
T_S15,531
T_S15,531
T_S17,531
T_S15,532
T_S15,532
T_S15,532
T_S18,532
T_S18,532
T_S9,533
T_S19,533
T_S6,534
T_S15,534
T_S15,534
T_S15,534
T_S15,534
T_S15,534
T_S15,534
T_S15,534
T_S15,534
T_S17,534
T_S17,534
T_S17,534
T_S17,534
T_S17,534
T_S17,534
T_S17,534
T_S17,534
T_S17,534
T_S17,534
T_S17,534
T_S17,534
T_S17,534
T_S17,534
T_S17,534
T_S17,534
T_S17,534
T_S17,534
T_S17,534
T_S17,534
T_S17,534
T_S17,534
T_S17,534
T_S17,534
T_S17,534
T_S17,534
T_S17,534
T_S17,534
T_S17,534
T_S17,534
T_S17,534
T_S17,534
T_S17,534
T_S17,534
T_S17,534
T_S17,534
T_S17,534
T_S17,534
T_S17,534
T_S17,534
T_S18,534
T_S18,534
T_S18,534
T_S18,534
T_S12,535
T_S15,536
T_S17,536
T_S17,536
T_S17,536
T_S17,536
T_S15,537
T_S17,537
T_S4,538
T_S9,538
T_S19,538
T_S19,539
T_S6,540
T_S2,541
T_S2,541
T_S10,541
T_S10,541
T_S10,541
T_S11,541
T_S11,541
T_S11,541
T_S14,541
T_S16,541
T_S7,542
T_S15,542
T_S16,542
T_S18,542
T_S18,542
T_S18,542
T_S18,542
T_S18,542
T_S18,542
T_S18,542
T_S18,542
T_S18,542
T_S18,542
T_S1,543
T_S4,543
T_S7,543
T_S7,543
T_S12,543
T_S18,543
T_S18,543
T_S19,544
T_S13,545
T_S9,546
T_S19,546
T_S2,547
T_S3,547
T_S3,547
T_S3,547
T_S3,547
T_S3,547
T_S5,547
T_S6,547
T_S6,547
T_S6,547
T_S10,547
T_S10,547
T_S10,547
T_S10,547
T_S11,547
T_S11,547
T_S16,547
T_S7,548
T_S8,548
T_S15,548
T_S17,548
T_S17,548
T_S17,548
T_S18,548
T_S5,549
T_S5,549
T_S5,549
T_S5,549
T_S5,549
T_S3,550
T_S3,550
T_S3,550
T_S14,550
T_S3,551
T_S3,551
T_S9,552
T_S15,553
T_S15,554
T_S5,555
T_S5,555
T_S5,555
T_S6,555
T_S10,555
T_S10,555
T_S1,556
T_S4,556
T_S9,556
T_S12,556
T_S13,556
T_S19,556
T_S5,557
T_S10,557
T_S2,558
T_S3,558
T_S5,558
T_S5,558
T_S5,558
T_S5,558
T_S5,558
T_S5,558
T_S5,558
T_S5,558
T_S10,558
T_S10,558
T_S10,558
T_S10,558
T_S10,558
T_S10,558
T_S10,558
T_S10,558
T_S10,558
T_S10,558
T_S10,558
T_S11,558
T_S11,558
T_S11,558
T_S11,558
T_S11,558
T_S11,558
T_S11,558
T_S11,558
T_S14,558
T_S14,558
T_S14,558
T_S14,558
T_S14,558
T_S14,558
T_S16,558
T_S16,558
T_S16,558
T_S16,558
T_S16,558
T_S16,558
T_S16,558
T_S16,558
T_S16,558
T_S16,558
T_S1,559
T_S19,559
T_S4,560
T_S9,560
T_S12,560
T_S13,560
T_S19,560
T_S4,561
T_S9,561
T_S12,561
T_S19,561
T_S9,562
T_S19,562
T_S7,563
T_S7,563
T_S18,563
T_S1,564
T_S12,564
T_S13,564
T_S10,565
T_S1,566
T_S4,566
T_S5,566
T_S8,566
T_S8,566
T_S8,566
T_S9,566
T_S10,566
T_S12,566
T_S13,566
T_S18,566
T_S18,566
T_S19,566
T_S13,567
T_S13,568
T_S15,568
T_S19,568
T_S1,569
T_S3,569
T_S4,569
T_S6,569
T_S6,569
T_S7,569
T_S7,569
T_S7,569
T_S8,569
T_S8,569
T_S9,569
T_S12,569
T_S13,569
T_S15,569
T_S15,569
T_S15,569
T_S15,569
T_S15,569
T_S15,569
T_S15,569
T_S15,569
T_S15,569
T_S15,569
T_S15,569
T_S15,569
T_S15,569
T_S15,569
T_S15,569
T_S15,569
T_S17,569
T_S17,569
T_S17,569
T_S17,569
T_S17,569
T_S17,569
T_S17,569
T_S17,569
T_S17,569
T_S17,569
T_S18,569
T_S18,569
T_S18,569
T_S18,569
T_S18,569
T_S18,569
T_S19,569
T_S2,570
T_S7,570
T_S8,570
T_S8,570
T_S15,570
T_S15,570
T_S15,570
T_S15,570
T_S15,570
T_S15,570
T_S15,570
T_S15,570
T_S15,570
T_S15,570
T_S15,570
T_S17,570
T_S18,570
T_S18,570
T_S1,571
T_S4,571
T_S7,571
T_S8,571
T_S9,571
T_S12,571
T_S13,571
T_S15,571
T_S15,571
T_S18,571
T_S19,571
T_S8,572
T_S8,572
T_S15,572
T_S18,572
T_S18,572
T_S18,572
T_S18,572
T_S18,572
T_S18,572
T_S18,572
T_S18,572
T_S18,572
T_S18,572
T_S18,572
T_S18,572
T_S18,572
T_S18,572
T_S15,573
T_S15,573
T_S15,573
T_S15,573
T_S18,573
T_S18,573
T_S3,574
T_S15,575
T_S15,575
T_S15,575
T_S15,575
T_S15,575
T_S15,575
T_S17,575
T_S17,575
T_S17,575
T_S17,575
T_S17,575
T_S17,575
T_S17,575
T_S17,575
T_S17,575
T_S17,575
T_S17,575
T_S17,575
T_S17,575
T_S17,575
T_S17,575
T_S17,575
T_S17,575
T_S17,575
T_S17,575
T_S17,575
T_S17,575
T_S17,575
T_S17,575
T_S17,575
T_S17,575
T_S17,575
T_S17,575
T_S17,575
T_S17,575
T_S17,575
T_S17,575
T_S17,575
T_S17,575
T_S17,575
T_S17,575
T_S17,575
T_S6,576
T_S10,577
T_S4,578
T_S7,578
T_S9,578
T_S12,578
T_S13,578
T_S18,578
T_S18,578
T_S19,578
T_S14,579
T_S14,579
T_S15,580
T_S15,580
T_S15,580
T_S15,580
T_S15,580
T_S15,580
T_S15,580
T_S17,580
T_S17,580
T_S18,580
T_S18,580
T_S18,580
T_S18,580
T_S3,581
T_S3,581
T_S3,581
T_S3,581
T_S3,581
T_S3,581
T_S6,581
T_S11,581
T_S6,582
T_S6,582
T_S6,582
T_S2,583
T_S8,584
T_S17,585
T_S18,585
T_S8,586
T_S8,586
T_S8,586
T_S8,586
T_S8,586
T_S8,586
T_S8,586
T_S15,586
T_S17,586
T_S17,586
T_S17,586
T_S17,586
T_S17,586
T_S17,586
T_S18,586
T_S15,587
T_S18,587
T_S15,588
T_S15,588
T_S15,588
T_S17,588
T_S17,588
T_S18,588
T_S18,588
T_S15,589
T_S15,589
T_S17,589
T_S3,590
T_S15,591
T_S15,591
T_S15,591
T_S15,591
T_S17,591
T_S17,591
T_S8,592
T_S15,592
T_S12,593
T_S13,593
T_S15,593
T_S13,594
T_S19,594
T_S9,595
T_S12,595
T_S13,595
T_S19,595
T_S1,596
T_S4,596
T_S9,596
T_S12,596
T_S13,596
T_S19,596
T_S9,597
T_S13,597
T_S19,597
T_S1,598
T_S9,598
T_S12,598
T_S13,598
T_S19,598
T_S2,599
T_S2,599
T_S2,599
T_S2,599
T_S2,599
T_S3,599
T_S3,599
T_S10,599
T_S10,599
T_S11,599
T_S14,599
T_S14,599
T_S16,599
T_S16,599
T_S3,600
T_S3,600
T_S3,600
T_S5,600
T_S6,600
T_S6,600
T_S10,600
T_S2,601
T_S3,601
T_S6,601
T_S2,602
T_S5,602
T_S6,602
T_S10,602
T_S2,603
T_S2,603
T_S5,603
T_S8,603
T_S8,603
T_S8,603
T_S11,603
T_S11,603
T_S15,603
T_S15,603
T_S15,603
T_S15,603
T_S15,603
T_S15,603
T_S15,603
T_S15,603
T_S15,603
T_S15,603
T_S15,603
T_S15,603
T_S15,603
T_S15,603
T_S15,603
T_S15,603
T_S15,603
T_S15,603
T_S15,603
T_S15,603
T_S15,603
T_S15,603
T_S15,603
T_S15,603
T_S15,603
T_S15,603
T_S15,603
T_S15,603
T_S15,603
T_S15,603
T_S15,603
T_S15,603
T_S15,603
T_S15,603
T_S15,603
T_S15,603
T_S15,603
T_S15,603
T_S15,603
T_S15,603
T_S15,603
T_S15,603
T_S15,603
T_S15,603
T_S18,603
T_S18,603
T_S18,603
T_S18,603
T_S8,604
T_S8,604
T_S8,604
T_S8,604
T_S15,604
T_S15,604
T_S15,604
T_S15,604
T_S17,604
T_S17,604
T_S17,604
T_S17,604
T_S17,604
T_S17,604
T_S17,604
T_S17,604
T_S17,604
T_S18,604
T_S18,604
T_S18,604
T_S18,604
T_S18,604
T_S18,604
T_S18,604
T_S18,604
T_S18,604
T_S18,604
T_S18,604
T_S15,605
T_S15,605
T_S15,605
T_S17,605
T_S17,605
T_S18,605
T_S18,605
T_S7,606
T_S7,606
T_S7,606
T_S7,606
T_S7,606
T_S8,606
T_S8,606
T_S8,606
T_S8,606
T_S8,606
T_S8,606
T_S8,606
T_S8,606
T_S8,606
T_S8,606
T_S8,606
T_S8,606
T_S8,606
T_S8,606
T_S8,606
T_S8,606
T_S8,606
T_S8,606
T_S8,606
T_S8,606
T_S8,606
T_S8,606
T_S15,606
T_S15,606
T_S15,606
T_S15,606
T_S15,606
T_S15,606
T_S15,606
T_S15,606
T_S15,606
T_S15,606
T_S15,606
T_S15,606
T_S15,606
T_S15,606
T_S17,606
T_S17,606
T_S17,606
T_S17,606
T_S17,606
T_S17,606
T_S17,606
T_S17,606
T_S17,606
T_S17,606
T_S18,606
T_S18,606
T_S18,606
T_S18,606
T_S18,606
T_S18,606
T_S18,606
T_S18,606
T_S18,606
T_S18,606
T_S18,606
T_S18,606
T_S18,606
T_S18,606
T_S18,606
T_S18,606
T_S7,607
T_S7,607
T_S8,607
T_S8,607
T_S8,607
T_S8,607
T_S8,607
T_S8,607
T_S8,607
T_S8,607
T_S8,607
T_S8,607
T_S8,607
T_S8,607
T_S8,607
T_S8,607
T_S8,607
T_S8,607
T_S8,607
T_S8,607
T_S8,607
T_S8,607
T_S15,607
T_S15,607
T_S15,607
T_S15,607
T_S15,607
T_S15,607
T_S15,607
T_S15,607
T_S15,607
T_S15,607
T_S15,607
T_S15,607
T_S15,607
T_S15,607
T_S15,607
T_S15,607
T_S15,607
T_S15,607
T_S17,607
T_S17,607
T_S17,607
T_S17,607
T_S17,607
T_S17,607
T_S17,607
T_S17,607
T_S17,607
T_S18,607
T_S18,607
T_S18,607
T_S18,607
T_S18,607
T_S18,607
T_S18,607
T_S18,607
T_S18,607
T_S18,607
T_S18,607
T_S7,608
T_S7,608
T_S7,608
T_S8,608
T_S8,608
T_S8,608
T_S8,608
T_S8,608
T_S15,608
T_S17,608
T_S17,608
T_S17,608
T_S17,608
T_S17,608
T_S17,608
T_S17,608
T_S18,608
T_S7,609
T_S8,609
T_S8,609
T_S8,609
T_S15,609
T_S15,609
T_S15,609
T_S15,609
T_S15,609
T_S15,609
T_S15,609
T_S15,609
T_S15,609
T_S15,609
T_S15,609
T_S15,609
T_S15,609
T_S15,609
T_S15,609
T_S15,609
T_S15,609
T_S17,609
T_S17,609
T_S17,609
T_S17,609
T_S17,609
T_S17,609
T_S17,609
T_S17,609
T_S17,609
T_S17,609
T_S17,609
T_S17,609
T_S17,609
T_S17,609
T_S17,609
T_S17,609
T_S18,609
T_S18,609
T_S18,609
T_S18,609
T_S18,609
T_S18,609
T_S18,609
T_S18,609
T_S18,609
T_S18,609
T_S18,609
T_S18,609
T_S18,609
T_S18,609
T_S18,609
T_S18,609
T_S18,609
T_S18,609
T_S18,609
T_S18,609
T_S8,610
T_S8,610
T_S8,610
T_S8,610
T_S8,610
T_S15,610
T_S15,610
T_S15,610
T_S15,610
T_S15,610
T_S15,610
T_S15,610
T_S15,610
T_S15,610
T_S15,610
T_S15,610
T_S15,610
T_S15,610
T_S15,610
T_S15,610
T_S15,610
T_S15,610
T_S15,610
T_S17,610
T_S17,610
T_S17,610
T_S17,610
T_S17,610
T_S17,610
T_S17,610
T_S17,610
T_S17,610
T_S18,610
T_S18,610
T_S18,610
T_S18,610
T_S18,610
T_S18,610
T_S18,610
T_S15,611
T_S15,612
T_S15,612
T_S15,612
T_S17,612
T_S17,612
T_S18,612
T_S8,613
T_S8,613
T_S8,613
T_S8,613
T_S8,613
T_S8,613
T_S15,613
T_S17,613
T_S17,613
T_S18,613
T_S2,614
T_S3,614
T_S7,614
T_S8,614
T_S8,614
T_S8,614
T_S8,614
T_S15,614
T_S15,614
T_S15,614
T_S15,614
T_S15,614
T_S15,614
T_S15,614
T_S15,614
T_S15,614
T_S15,614
T_S15,614
T_S15,614
T_S15,614
T_S15,614
T_S15,614
T_S15,614
T_S15,614
T_S15,614
T_S15,614
T_S15,614
T_S15,614
T_S15,614
T_S15,614
T_S15,614
T_S15,614
T_S17,614
T_S17,614
T_S17,614
T_S17,614
T_S17,614
T_S17,614
T_S17,614
T_S17,614
T_S17,614
T_S17,614
T_S17,614
T_S17,614
T_S17,614
T_S17,614
T_S17,614
T_S17,614
T_S17,614
T_S17,614
T_S17,614
T_S17,614
T_S17,614
T_S17,614
T_S17,614
T_S17,614
T_S17,614
T_S17,614
T_S17,614
T_S17,614
T_S17,614
T_S17,614
T_S17,614
T_S17,614
T_S17,614
T_S17,614
T_S17,614
T_S17,614
T_S17,614
T_S17,614
T_S17,614
T_S17,614
T_S17,614
T_S17,614
T_S17,614
T_S18,614
T_S18,614
T_S18,614
T_S18,614
T_S18,614
T_S18,614
T_S18,614
T_S18,614
T_S18,614
T_S18,614
T_S18,614
T_S18,614
T_S18,614
T_S18,614
T_S18,614
T_S8,615
T_S15,615
T_S15,615
T_S15,615
T_S18,615
T_S18,615
T_S8,616
T_S2,617
T_S6,617
T_S17,617
T_S17,617
T_S18,617
T_S7,618
T_S7,618
T_S8,618
T_S17,618
T_S7,619
T_S11,619
T_S18,619
T_S5,620
T_S4,621
T_S9,621
T_S12,621
T_S19,621
T_S17,622
T_S18,622
T_S18,622
T_S6,623
T_S11,624
T_S11,624
T_S6,625
T_S8,626
T_S8,626
T_S18,626
T_S5,627
T_S6,627
T_S14,627
T_S15,627
T_S18,627
T_S4,628
T_S13,629
T_S19,629
T_S9,630
T_S11,630
T_S12,630
T_S13,630
T_S6,631
T_S10,631
T_S12,631
T_S19,631
T_S6,632
T_S7,632
T_S10,632
T_S11,632
T_S11,632
T_S11,632
T_S14,632
T_S14,632
T_S14,632
T_S18,632
T_S7,633
T_S10,633
T_S15,633
T_S17,633
T_S18,633
T_S18,633
T_S18,633
T_S19,633
T_S7,634
T_S8,634
T_S8,634
T_S14,634
T_S17,634
T_S19,634
T_S18,635
T_S3,636
T_S3,636
T_S5,636
T_S8,636
T_S8,636
T_S8,636
T_S10,636
T_S11,636
T_S13,636
T_S14,636
T_S14,636
T_S18,636
T_S18,636
T_S18,636
T_S18,636
T_S18,636
T_S18,636
T_S18,636
T_S18,636
T_S18,636
T_S18,636
T_S18,637
T_S18,637
T_S18,637
T_S18,637
T_S18,637
T_S18,637
T_S18,637
T_S18,637
T_S18,637
T_S18,637
T_S18,637
T_S18,637
T_S1,638
T_S4,638
T_S9,638
T_S12,638
T_S13,638
T_S19,638
T_S2,639
T_S7,640
T_S7,640
T_S7,640
T_S7,640
T_S7,640
T_S7,640
T_S8,640
T_S8,640
T_S8,640
T_S8,640
T_S8,640
T_S8,640
T_S8,640
T_S8,640
T_S8,640
T_S8,640
T_S8,640
T_S15,640
T_S15,640
T_S15,640
T_S15,640
T_S17,640
T_S17,640
T_S17,640
T_S18,640
T_S18,640
T_S18,640
T_S18,640
T_S18,640
T_S18,640
T_S18,640
T_S18,640
T_S18,640
T_S18,640
T_S18,640
T_S18,640
T_S7,641
T_S18,641
T_S1,642
T_S2,642
T_S2,642
T_S2,642
T_S4,642
T_S5,642
T_S6,642
T_S6,642
T_S7,642
T_S7,642
T_S7,642
T_S7,642
T_S8,642
T_S8,642
T_S9,642
T_S11,642
T_S11,642
T_S12,642
T_S13,642
T_S15,642
T_S17,642
T_S17,642
T_S17,642
T_S17,642
T_S17,642
T_S17,642
T_S18,642
T_S18,642
T_S18,642
T_S18,642
T_S18,642
T_S19,642
T_S2,643
T_S2,643
T_S3,643
T_S3,643
T_S5,643
T_S6,643
T_S6,643
T_S8,643
T_S8,643
T_S8,643
T_S10,643
T_S15,643
T_S15,643
T_S15,643
T_S15,643
T_S15,643
T_S15,643
T_S18,643
T_S18,643
T_S18,643
T_S18,643
T_S18,643
T_S18,643
T_S18,643
T_S2,644
T_S2,644
T_S8,644
T_S10,644
T_S11,644
T_S11,645
T_S2,646
T_S5,646
T_S5,646
T_S10,646
T_S10,646
T_S11,646
T_S16,646
T_S2,647
T_S2,647
T_S10,647
T_S11,647
T_S14,647
T_S12,648
T_S13,648
T_S19,648
T_S7,649
T_S7,649
T_S7,649
T_S7,649
T_S7,649
T_S7,649
T_S7,649
T_S7,649
T_S7,649
T_S7,649
T_S7,649
T_S7,649
T_S7,649
T_S7,649
T_S7,649
T_S7,649
T_S7,649
T_S7,649
T_S7,649
T_S7,649
T_S8,649
T_S8,649
T_S8,649
T_S8,649
T_S8,649
T_S8,649
T_S8,649
T_S8,649
T_S8,649
T_S8,649
T_S8,649
T_S8,649
T_S8,649
T_S8,649
T_S8,649
T_S8,649
T_S8,649
T_S8,649
T_S8,649
T_S8,649
T_S8,649
T_S8,649
T_S8,649
T_S8,649
T_S8,649
T_S15,649
T_S15,649
T_S15,649
T_S15,649
T_S15,649
T_S15,649
T_S15,649
T_S15,649
T_S15,649
T_S15,649
T_S15,649
T_S15,649
T_S15,649
T_S15,649
T_S15,649
T_S15,649
T_S15,649
T_S15,649
T_S15,649
T_S15,649
T_S15,649
T_S15,649
T_S15,649
T_S15,649
T_S15,649
T_S15,649
T_S15,649
T_S15,649
T_S15,649
T_S15,649
T_S15,649
T_S15,649
T_S15,649
T_S15,649
T_S15,649
T_S17,649
T_S17,649
T_S17,649
T_S17,649
T_S17,649
T_S17,649
T_S17,649
T_S17,649
T_S17,649
T_S17,649
T_S17,649
T_S17,649
T_S17,649
T_S18,649
T_S18,649
T_S18,649
T_S18,649
T_S18,649
T_S18,649
T_S18,649
T_S18,649
T_S18,649
T_S18,649
T_S18,649
T_S18,649
T_S18,649
T_S18,649
T_S18,649
T_S18,649
T_S18,649
T_S18,649
T_S18,649
T_S18,649
T_S18,649
T_S18,649
T_S18,649
T_S18,649
T_S18,649
T_S18,649
T_S18,649
T_S18,649
T_S18,649
T_S18,649
T_S18,649
T_S18,649
T_S18,649
T_S18,649
T_S18,649
T_S18,649
T_S18,649
T_S18,649
T_S18,649
T_S18,649
T_S18,649
T_S18,649
T_S18,649
T_S18,649
T_S18,649
T_S18,649
T_S18,649
T_S18,649
T_S18,649
T_S18,649
T_S18,649
T_S18,649
T_S18,649
T_S18,649
T_S18,649
T_S18,649
T_S18,649
T_S18,649
T_S18,649
T_S18,649
T_S18,649
T_S18,649
T_S18,649
T_S18,649
T_S18,649
T_S18,649
T_S18,649
T_S18,649
T_S3,650
T_S3,650
T_S3,651
T_S3,651
T_S3,651
T_S3,651
T_S3,651
T_S3,651
T_S3,651
T_S3,651
T_S3,651
T_S3,651
T_S3,651
T_S3,651
T_S3,652
T_S6,652
T_S11,653
T_S2,654
T_S3,654
T_S3,654
T_S3,654
T_S6,654
T_S8,654
T_S15,654
T_S15,654
T_S15,654
T_S17,654
T_S17,654
T_S17,654
T_S17,654
T_S18,654
T_S6,655
T_S6,655
T_S6,655
T_S10,655
T_S10,655
T_S10,656
T_S4,657
T_S9,657
T_S12,657
T_S19,657
T_S4,658
T_S9,658
T_S13,658
T_S19,658
T_S1,659
T_S2,659
T_S4,659
T_S5,659
T_S9,659
T_S12,659
T_S13,659
T_S14,659
T_S18,659
T_S18,659
T_S18,659
T_S18,659
T_S18,659
T_S18,659
T_S18,659
T_S18,659
T_S18,659
T_S18,659
T_S19,659
T_S8,660
T_S8,660
T_S18,660
T_S18,660
T_S18,660
T_S18,660
T_S18,660
T_S18,660
T_S18,660
T_S18,660
T_S18,660
T_S7,661
T_S8,661
T_S8,661
T_S8,661
T_S8,661
T_S8,661
T_S8,661
T_S8,661
T_S15,661
T_S17,661
T_S17,661
T_S17,661
T_S17,661
T_S17,661
T_S18,661
T_S18,661
T_S18,661
T_S18,661
T_S2,662
T_S2,662
T_S2,662
T_S2,662
T_S5,662
T_S5,662
T_S5,662
T_S6,662
T_S8,662
T_S8,662
T_S8,662
T_S8,662
T_S8,662
T_S11,662
T_S11,662
T_S11,662
T_S11,662
T_S14,662
T_S14,662
T_S14,662
T_S14,662
T_S18,662
T_S19,662
T_S1,663
T_S5,663
T_S5,663
T_S6,663
T_S6,663
T_S6,663
T_S7,663
T_S8,663
T_S8,663
T_S8,663
T_S8,663
T_S8,663
T_S8,663
T_S9,663
T_S10,663
T_S10,663
T_S10,663
T_S10,663
T_S11,663
T_S11,663
T_S11,663
T_S12,663
T_S13,663
T_S14,663
T_S14,663
T_S15,663
T_S15,663
T_S15,663
T_S15,663
T_S15,663
T_S15,663
T_S15,663
T_S15,663
T_S15,663
T_S15,663
T_S15,663
T_S15,663
T_S15,663
T_S15,663
T_S15,663
T_S15,663
T_S15,663
T_S15,663
T_S15,663
T_S15,663
T_S15,663
T_S15,663
T_S15,663
T_S15,663
T_S15,663
T_S15,663
T_S15,663
T_S15,663
T_S15,663
T_S15,663
T_S16,663
T_S16,663
T_S17,663
T_S17,663
T_S17,663
T_S17,663
T_S17,663
T_S17,663
T_S17,663
T_S17,663
T_S17,663
T_S17,663
T_S17,663
T_S17,663
T_S17,663
T_S17,663
T_S17,663
T_S17,663
T_S17,663
T_S17,663
T_S17,663
T_S17,663
T_S17,663
T_S17,663
T_S17,663
T_S17,663
T_S17,663
T_S17,663
T_S17,663
T_S17,663
T_S17,663
T_S17,663
T_S17,663
T_S17,663
T_S17,663
T_S17,663
T_S17,663
T_S18,663
T_S18,663
T_S18,663
T_S18,663
T_S18,663
T_S18,663
T_S18,663
T_S18,663
T_S18,663
T_S18,663
T_S18,663
T_S18,663
T_S18,663
T_S18,663
T_S18,663
T_S18,663
T_S18,663
T_S18,663
T_S18,663
T_S18,663
T_S18,663
T_S18,663
T_S18,663
T_S18,663
T_S18,663
T_S18,663
T_S18,663
T_S18,663
T_S18,663
T_S18,663
T_S18,663
T_S18,663
T_S18,663
T_S18,663
T_S18,663
T_S18,663
T_S19,663
T_S12,664
T_S12,665
T_S13,665
T_S6,666
T_S8,666
T_S8,666
T_S8,666
T_S8,666
T_S8,666
T_S8,666
T_S8,666
T_S8,666
T_S8,666
T_S8,666
T_S8,666
T_S15,666
T_S15,666
T_S15,666
T_S17,666
T_S17,666
T_S17,666
T_S17,666
T_S18,666
T_S18,666
T_S18,666
T_S18,666
T_S18,666
T_S7,667
T_S8,667
T_S13,668
T_S19,668
T_S9,669
T_S15,670
T_S10,671
T_S17,671
T_S15,672
T_S1,673
T_S12,673
T_S8,674
T_S8,674
T_S15,674
T_S15,674
T_S15,674
T_S15,674
T_S15,674
T_S15,674
T_S15,674
T_S15,674
T_S15,674
T_S15,674
T_S15,674
T_S15,674
T_S15,674
T_S15,674
T_S15,674
T_S15,674
T_S15,674
T_S15,674
T_S17,674
T_S17,674
T_S17,674
T_S17,674
T_S17,674
T_S17,674
T_S17,674
T_S17,674
T_S17,674
T_S17,674
T_S17,674
T_S17,674
T_S17,674
T_S17,674
T_S17,674
T_S18,674
T_S18,674
T_S18,674
T_S18,674
T_S18,674
T_S18,674
T_S18,674
T_S18,674
T_S18,674
T_S18,674
T_S18,674
T_S18,674
T_S18,674
T_S18,674
T_S18,674
T_S18,674
T_S18,674
T_S3,675
T_S3,675
T_S3,675
T_S10,675
T_S18,676
T_S7,677
T_S7,677
T_S8,677
T_S8,677
T_S8,677
T_S8,677
T_S8,677
T_S8,677
T_S8,677
T_S8,677
T_S8,677
T_S8,677
T_S8,677
T_S8,677
T_S8,677
T_S8,677
T_S8,677
T_S8,677
T_S8,677
T_S8,677
T_S15,677
T_S15,677
T_S15,677
T_S15,677
T_S15,677
T_S15,677
T_S15,677
T_S17,677
T_S17,677
T_S17,677
T_S17,677
T_S17,677
T_S17,677
T_S18,677
T_S18,677
T_S18,677
T_S18,677
T_S18,677
T_S18,677
T_S18,677
T_S18,677
T_S18,677
T_S18,677
T_S18,677
T_S4,678
T_S8,678
T_S9,678
T_S13,678
T_S15,678
T_S19,678
T_S18,679
T_S18,679
T_S8,680
T_S18,680
T_S18,680
T_S18,680
T_S8,681
T_S18,681
T_S18,681
T_S18,681
T_S8,682
T_S19,682
T_S12,683
T_S13,683
T_S3,684
T_S3,684
T_S3,684
T_S3,684
T_S3,684
T_S3,684
T_S10,684
T_S11,684
T_S11,684
T_S14,684
T_S16,684
T_S10,685
T_S11,685
T_S16,685
T_S16,685
T_S16,685
T_S9,686
T_S12,686
T_S13,686
T_S8,687
T_S8,687
T_S8,687
T_S8,687
T_S15,687
T_S15,687
T_S15,687
T_S15,687
T_S15,687
T_S15,687
T_S15,687
T_S15,687
T_S15,687
T_S15,687
T_S15,687
T_S15,687
T_S15,687
T_S15,687
T_S15,687
T_S15,687
T_S15,687
T_S15,687
T_S15,687
T_S15,687
T_S15,687
T_S15,687
T_S15,687
T_S15,687
T_S15,687
T_S15,687
T_S15,687
T_S15,687
T_S15,687
T_S15,687
T_S15,687
T_S15,687
T_S15,687
T_S15,687
T_S15,687
T_S15,687
T_S15,687
T_S15,687
T_S15,687
T_S15,687
T_S15,687
T_S15,687
T_S15,687
T_S15,687
T_S15,687
T_S15,687
T_S15,687
T_S15,687
T_S15,687
T_S15,687
T_S15,687
T_S15,687
T_S15,687
T_S15,687
T_S15,687
T_S15,687
T_S15,687
T_S15,687
T_S15,687
T_S15,687
T_S15,687
T_S15,687
T_S15,687
T_S15,687
T_S15,687
T_S15,687
T_S15,687
T_S15,687
T_S15,687
T_S17,687
T_S17,687
T_S17,687
T_S17,687
T_S17,687
T_S17,687
T_S17,687
T_S17,687
T_S17,687
T_S17,687
T_S17,687
T_S17,687
T_S17,687
T_S17,687
T_S17,687
T_S17,687
T_S17,687
T_S17,687
T_S17,687
T_S17,687
T_S17,687
T_S17,687
T_S17,687
T_S17,687
T_S17,687
T_S17,687
T_S17,687
T_S17,687
T_S17,687
T_S17,687
T_S17,687
T_S17,687
T_S17,687
T_S17,687
T_S17,687
T_S17,687
T_S17,687
T_S17,687
T_S17,687
T_S17,687
T_S17,687
T_S17,687
T_S17,687
T_S17,687
T_S17,687
T_S17,687
T_S17,687
T_S17,687
T_S18,687
T_S18,687
T_S18,687
T_S7,688
T_S8,688
T_S13,688
T_S15,688
T_S15,688
T_S15,688
T_S15,688
T_S15,688
T_S15,688
T_S15,688
T_S15,688
T_S15,688
T_S15,688
T_S15,688
T_S15,688
T_S15,688
T_S15,688
T_S17,688
T_S17,688
T_S17,688
T_S17,688
T_S17,688
T_S17,688
T_S17,688
T_S17,688
T_S18,688
T_S18,688
T_S18,688
T_S18,688
T_S18,688
T_S18,688
T_S18,688
T_S9,689
T_S12,689
T_S13,689
T_S19,689
T_S9,690
T_S13,690
T_S3,691
T_S15,692
T_S15,692
T_S15,692
T_S15,692
T_S17,692
T_S17,692
T_S1,693
T_S16,694
T_S8,695
T_S8,695
T_S15,696
T_S15,696
T_S15,696
T_S15,696
T_S15,696
T_S1,697
T_S9,697
T_S12,697
T_S5,698
T_S11,698
T_S14,698
T_S1,699
T_S4,699
T_S9,699
T_S12,699
T_S19,699
T_S1,700
T_S9,700
T_S12,700
T_S13,700
T_S19,700
T_S18,701
T_S2,702
T_S10,702
T_S14,702
T_S5,703
T_S10,703
T_S14,703
T_S16,703
T_S16,703
T_S8,704
T_S8,704
T_S8,704
T_S8,704
T_S8,704
T_S8,704
T_S8,704
T_S8,704
T_S8,704
T_S8,704
T_S8,704
T_S15,704
T_S15,704
T_S15,704
T_S15,704
T_S17,704
T_S18,704
T_S18,704
T_S18,704
T_S18,704
T_S18,704
T_S18,704
T_S18,704
T_S18,704
T_S18,704
T_S18,704
T_S18,704
T_S18,704
T_S18,704
T_S18,704
T_S18,704
T_S18,704
T_S18,704
T_S18,704
T_S18,704
T_S18,704
T_S18,704
T_S3,705
T_S3,705
T_S6,705
T_S16,705
T_S9,706
T_S12,706
T_S13,706
T_S19,706
T_S10,707
T_S10,707
T_S14,707
T_S14,707
T_S14,707
T_S14,707
T_S14,707
T_S14,707
T_S16,707
T_S16,707
T_S16,707
T_S16,707
T_S16,707
T_S7,708
T_S7,708
T_S8,708
T_S8,708
T_S8,708
T_S8,708
T_S8,708
T_S8,708
T_S15,708
T_S18,708
T_S18,708
T_S18,708
T_S2,709
T_S5,709
T_S12,709
T_S13,709
T_S14,709
T_S14,709
T_S14,709
T_S16,709
T_S7,710
T_S8,710
T_S8,710
T_S15,710
T_S15,710
T_S15,710
T_S15,710
T_S17,710
T_S18,710
T_S18,710
T_S18,710
T_S18,710
T_S18,710
T_S18,710
T_S4,711
T_S1,712
T_S4,712
T_S13,712
T_S19,712
T_S14,713
